"Site","Lat.South","Long.East","Alt.AHD","Time","TEMP.1h.C","HUMID.1h","RAIN.1h.mm.m2","WSP.1h.m.s","WDR.1h","SOLAR.1h.W.m2","PM2.5.1h.mcrg.m3","PM10.1h.mcrg.m3","CO.1h.ppm","CO.8h.rlg.ppm","SO2.1h.pphm","NO.1h.pphm","NO2.1h.pphm","SD1.1h","NEPH.1h.bsp","OZONE.1h.pphm","OZONE.4h.rlg.pphm","NH3.1h.pphm"
"BERESFIELD",-32.79679,151.66102,14,1,15.7,97.9,NA,1.4,309.5,NA,5.1,7.8,NA,NA,0.1,3.4,0.5,15.64,0.21,0,0,NA
"BRINGELLY",-33.91765,150.76193,53,1,14.4,100.3,NA,0.1,191.8,3.2,4.2,NA,NA,NA,0,0.7,0.3,100.51,0.17,0.1,0.1,NA
"CARRINGTON",-32.90972,151.7633,5,1,17.3,93.2,0,1,284.2,NA,6.4,16.1,NA,NA,0.1,4,1.1,17.6,NA,NA,NA,NA
"CHULLORA",-33.89157,151.04606,32,1,17.1,92.9,NA,0.5,344.2,-2.8,7,11.2,0.1,0.1,0.2,1.7,1.3,38.9,0.13,0.1,0.1,NA
"EARLWOOD",-33.91618,151.13579,7,1,17.3,94.4,NA,0.1,182.7,NA,4.4,8,NA,NA,NA,2.2,0.9,81.39,0.12,0,0,NA
"KEMBLA GRANGE",-34.47442,150.81916,5,1,18.3,86.9,NA,0.8,40.8,-3.4,0.3,2.8,NA,NA,NA,0,0.5,60.76,0.08,0.7,0.5,NA
"LINDFIELD",-33.78113,151.1509,60,1,NA,NA,NA,NA,NA,NA,NA,NA,NA,NA,NA,NA,NA,NA,NA,NA,NA,NA
"LIVERPOOL",-33.9313,150.9073,22,1,17.1,93.5,NA,0.3,211.7,NA,10.6,13.1,0.3,0.2,0.1,5.3,1.4,48.76,0.21,0,0,NA
"MAYFIELD",-32.88506,151.72835,5,1,16.8,95.7,NA,0.9,287.8,-2.8,2.7,16,NA,NA,0.1,5.1,0.9,25.79,NA,NA,NA,NA
"NEWCASTLE",-32.93118,151.75963,5,1,16.6,94.3,NA,0.7,294.4,NA,0.6,9.3,0.3,0.3,0.1,2.2,0.8,26.77,0.11,0.1,0.1,NA
"RANDWICK",-33.93178,151.2428,28,1,17.5,91,NA,0.3,41.5,NA,1.6,6.6,NA,NA,0.1,0.5,1,23.31,0.11,0.2,0.6,NA
"RICHMOND",-33.61644,150.74735,21,1,16.5,NA,NA,0.3,16.3,NA,NA,NA,NA,NA,0,0,NA,NA,NA,NA,NA,NA
"ROZELLE",-33.86435,151.16393,22,1,18.2,89.5,0,0.7,331.5,-8.5,2.3,5,0.2,0.2,0.2,0.1,1.1,35.63,0.08,0.2,0.7,NA
"STOCKTON",-32.90197,151.78427,5,1,18.4,94,NA,1.9,298.6,NA,8.6,38,NA,NA,NA,NA,NA,38.63,NA,NA,NA,NA
"TAMWORTH",-31.10991,150.9145,405,1,15.4,85.1,NA,1.4,156.7,NA,1.3,7.1,NA,NA,NA,NA,NA,18.21,NA,1.1,1.2,NA
"WALLSEND",-32.89439,151.67021,8,1,15.4,95.6,NA,0.3,254.9,-2.2,0.8,4.6,NA,NA,0,0.6,0.5,68.82,0.08,0.1,0.1,NA
"WOLLONGONG",-34.41706,150.88733,15,1,19.8,83,0,0.3,281.7,NA,53.2,6.6,0.1,0.2,0,0,0.4,86.16,0.09,0.9,1.1,NA
"WYONG",-33.27897,151.43241,3,1,16.3,97.1,0,0.9,346.9,NA,-4.7,6.5,0.2,0.2,0,0,0.2,24.89,0.06,0.2,0.1,NA
"BERESFIELD",-32.79679,151.66102,14,2,15.4,98.3,NA,1.5,324.5,NA,5.6,5.9,NA,NA,NA,NA,NA,18.11,0.14,NA,0,NA
"BRINGELLY",-33.91765,150.76193,53,2,14.4,100.5,NA,0.2,121.5,3.8,2.8,4.1,NA,NA,NA,NA,NA,76.61,0.34,NA,0.1,NA
"CARRINGTON",-32.90972,151.7633,5,2,17,93.2,0,0.9,318.5,NA,7.2,10.2,NA,NA,NA,NA,NA,21.78,NA,NA,NA,NA
"CHULLORA",-33.89157,151.04606,32,2,16.6,93.2,NA,0.5,283.7,-2.8,4.3,9,NA,0.1,NA,NA,NA,36.26,0.12,NA,0.1,NA
"EARLWOOD",-33.91618,151.13579,7,2,17.1,94.3,NA,0.3,254.9,NA,0.8,7.8,NA,NA,NA,NA,NA,44.04,0.11,NA,0,NA
"KEMBLA GRANGE",-34.47442,150.81916,5,2,17.7,89.3,NA,0.7,3.3,-3.3,6.3,10.4,NA,NA,NA,NA,NA,75.93,0.09,NA,0.7,NA
"LINDFIELD",-33.78113,151.1509,60,2,NA,NA,NA,NA,NA,NA,NA,NA,NA,NA,NA,NA,NA,NA,NA,NA,NA,NA
"LIVERPOOL",-33.9313,150.9073,22,2,16.6,94.3,NA,0.1,227.9,NA,19.2,10.2,NA,0.2,NA,NA,NA,101.14,0.18,NA,0,NA
"MAYFIELD",-32.88506,151.72835,5,2,16.3,96.8,NA,0.8,303.9,-2.7,-4.1,7.2,NA,NA,NA,NA,NA,20.15,NA,NA,NA,NA
"NEWCASTLE",-32.93118,151.75963,5,2,16.7,93.5,NA,1.1,324.4,NA,-1.2,9.6,NA,0.4,NA,NA,NA,13.6,0.11,NA,0.1,NA
"RANDWICK",-33.93178,151.2428,28,2,18.3,85.4,NA,1.2,357.6,NA,3.5,7.5,NA,NA,NA,NA,NA,20.77,0.08,NA,0.4,NA
"RICHMOND",-33.61644,150.74735,21,2,15.9,NA,NA,0.2,38.5,NA,NA,NA,NA,NA,NA,NA,NA,NA,NA,NA,NA,NA
"ROZELLE",-33.86435,151.16393,22,2,18.5,83.9,0,1,344.4,-9.8,3.1,-0.2,NA,0.2,NA,NA,NA,28.39,0.07,NA,0.6,NA
"STOCKTON",-32.90197,151.78427,5,2,17.7,96.5,NA,2,326.9,NA,9.5,19.5,NA,NA,0.1,4.5,1.4,30.03,NA,NA,NA,0.6
"TAMWORTH",-31.10991,150.9145,405,2,14.3,89.1,NA,1.4,160.2,NA,1.2,5.2,NA,NA,NA,NA,NA,14.65,NA,NA,1.2,NA
"WALLSEND",-32.89439,151.67021,8,2,15,95.9,NA,0.1,266.9,-2.2,1.6,0.8,NA,NA,NA,NA,NA,93.35,0.12,NA,0.1,NA
"WOLLONGONG",-34.41706,150.88733,15,2,19.6,83.6,0,0.4,334.5,NA,11,8.4,NA,0.2,NA,NA,NA,91.67,0.11,NA,1.2,NA
"WYONG",-33.27897,151.43241,3,2,16,97.1,0,0.9,344.5,NA,-1.5,4,NA,0.2,NA,NA,NA,35.97,0.06,NA,0.1,NA
"BERESFIELD",-32.79679,151.66102,14,3,15.5,98.3,NA,1.9,312.3,NA,6.7,7.1,NA,NA,0.1,1.3,0.6,11.37,0.18,0.1,0,NA
"BRINGELLY",-33.91765,150.76193,53,3,14.3,100.6,NA,0.1,238.9,4.3,2.4,8.3,NA,NA,0,0.7,0.3,104.63,0.45,0.1,0.1,NA
"CARRINGTON",-32.90972,151.7633,5,3,16.6,94.2,0,1.5,329,NA,6.8,12.1,NA,NA,0.1,3.5,1,15.6,NA,NA,NA,NA
"CHULLORA",-33.89157,151.04606,32,3,17.1,91.4,NA,0.9,256.8,-3,0.6,9.5,0.1,0.1,0.1,0.5,1.1,27.93,0.13,0.2,0.1,NA
"EARLWOOD",-33.91618,151.13579,7,3,16.7,94.4,NA,0.3,262.4,NA,3.1,7.3,NA,NA,NA,1.9,0.6,64.94,0.11,0,0,NA
"KEMBLA GRANGE",-34.47442,150.81916,5,3,18.9,84.4,NA,0.6,336.6,-4.5,-1.6,10.5,NA,NA,NA,0,0.4,73.91,0.09,1.1,0.9,NA
"LINDFIELD",-33.78113,151.1509,60,3,NA,NA,NA,NA,NA,NA,NA,NA,NA,NA,NA,NA,NA,NA,NA,NA,NA,NA
"LIVERPOOL",-33.9313,150.9073,22,3,16.3,94.7,NA,0.9,248,NA,7.9,13.4,0.2,0.2,0.1,5.7,1.1,13.86,0.18,0,0,NA
"MAYFIELD",-32.88506,151.72835,5,3,15.9,97.2,NA,1,332.5,-2,-4.5,6.8,NA,NA,0,2.6,0.6,29.92,NA,NA,NA,NA
"NEWCASTLE",-32.93118,151.75963,5,3,16.7,93.8,NA,1.5,327.6,NA,-0.5,10.3,0.3,0.4,0.1,2.3,0.8,10.25,0.14,0.1,0.1,NA
"RANDWICK",-33.93178,151.2428,28,3,18.3,82.9,NA,0.5,314.5,NA,3.8,0.5,NA,NA,0.1,0,0.7,46.33,0.06,0.9,0.5,NA
"RICHMOND",-33.61644,150.74735,21,3,15.3,NA,NA,0.4,248.1,NA,NA,NA,NA,NA,0,0.1,NA,NA,NA,NA,NA,NA
"ROZELLE",-33.86435,151.16393,22,3,17.9,86.1,0,0.6,299.2,-9.4,2.4,3.6,0.2,0.2,0.1,0,0.5,47.5,0.06,0.8,0.5,NA
"STOCKTON",-32.90197,151.78427,5,3,16.7,98,NA,2.8,350.5,NA,4.7,25.1,NA,NA,0,2.2,1.1,7.13,NA,NA,NA,0.8
"TAMWORTH",-31.10991,150.9145,405,3,13.8,91.2,NA,1.1,162.2,NA,2.2,2.9,NA,NA,NA,NA,NA,19.98,NA,0.9,1.1,NA
"WALLSEND",-32.89439,151.67021,8,3,14.6,96.3,NA,0.5,338.5,-1.9,0.7,10.2,NA,NA,0,1.2,0.3,37.28,0.15,0.1,0.1,NA
"WOLLONGONG",-34.41706,150.88733,15,3,18.7,86.7,0,0.4,236.6,NA,13.6,6.6,0.2,0.2,0,0,0.7,68.85,0.1,0.6,0.9,NA
"WYONG",-33.27897,151.43241,3,3,15.8,97,0.2,0.8,359.3,NA,-2.7,5.3,0,0.2,0,0,0.1,33.25,0.05,0.3,0.2,NA
"BERESFIELD",-32.79679,151.66102,14,4,15.4,98.5,NA,2.2,303.4,NA,4.8,13.8,NA,NA,0.1,2.4,0.9,8.64,0.68,0,0,NA
"BRINGELLY",-33.91765,150.76193,53,4,14,100.7,NA,0.1,243.1,3.8,1.2,18.4,NA,NA,0,0.7,0.3,92.71,0.15,0.1,0.1,NA
"CARRINGTON",-32.90972,151.7633,5,4,16.1,94,0,1.7,322.6,NA,5.4,9.5,NA,NA,0.1,2.3,0.9,15.83,NA,NA,NA,NA
"CHULLORA",-33.89157,151.04606,32,4,16.8,91.8,NA,0.8,272.1,-2.9,2.7,7.8,0.1,0.1,0.1,0.9,1.1,31.45,0.14,0.1,0.2,NA
"EARLWOOD",-33.91618,151.13579,7,4,16.5,95.2,NA,0.1,314.9,NA,4,9.3,NA,NA,NA,2.7,0.8,93.53,0.13,0,0,NA
"KEMBLA GRANGE",-34.47442,150.81916,5,4,19,81.7,NA,1.1,216.6,-4.3,2.5,3.5,NA,NA,NA,0,0.2,43.31,0.08,1.4,1.1,NA
"LINDFIELD",-33.78113,151.1509,60,4,NA,NA,NA,NA,NA,NA,NA,NA,NA,NA,NA,NA,NA,NA,NA,NA,NA,NA
"LIVERPOOL",-33.9313,150.9073,22,4,16,95.1,NA,0.5,253.6,NA,7.6,13.3,0.1,0.2,0.1,3.7,1.2,36.38,0.3,0,0,NA
"MAYFIELD",-32.88506,151.72835,5,4,15.6,97.3,NA,1.3,323.5,-2.3,-3.9,8.1,NA,NA,0,0.5,0.5,24.39,NA,NA,NA,NA
"NEWCASTLE",-32.93118,151.75963,5,4,16.1,93.9,NA,1.9,329.1,NA,2,4.4,0.3,0.4,0.1,1.1,0.7,11.04,0.08,0,0.1,NA
"RANDWICK",-33.93178,151.2428,28,4,17.8,86.4,NA,0.8,287.5,NA,2.5,8.5,NA,NA,0.1,0,0.9,26.43,0.08,0.7,0.6,NA
"RICHMOND",-33.61644,150.74735,21,4,14.9,NA,NA,0.1,255.7,NA,NA,NA,NA,NA,0,0.1,NA,NA,NA,NA,NA,NA
"ROZELLE",-33.86435,151.16393,22,4,17.1,90.6,0,0.1,299,-8.7,2,4.2,0.2,0.2,0.1,0,0.6,87.96,0.08,0.7,0.6,NA
"STOCKTON",-32.90197,151.78427,5,4,16.5,97.9,NA,3,338.4,NA,4.5,27.9,NA,NA,0.4,1.8,1.2,18.15,NA,NA,NA,1
"TAMWORTH",-31.10991,150.9145,405,4,13.1,93.3,NA,0.8,171.3,NA,-0.4,3.6,NA,NA,NA,NA,NA,42.79,NA,0.7,0.9,NA
"WALLSEND",-32.89439,151.67021,8,4,14.6,96.5,NA,0.3,3.5,-2.1,0.6,3.8,NA,NA,0,2.5,0.5,40.27,0.26,0,0.1,NA
"WOLLONGONG",-34.41706,150.88733,15,4,18.7,87.1,0,0.6,133.6,NA,52,15.8,0.2,0.2,0.1,1,1.4,68.02,0.21,0.1,0.5,NA
"WYONG",-33.27897,151.43241,3,4,15.5,96.8,0,0.7,8.9,NA,-2.5,8,0.1,0.1,0,0.1,0.2,34.83,0.05,0.1,0.2,NA
"BERESFIELD",-32.79679,151.66102,14,5,15.5,98.6,NA,2.4,307,NA,2.5,8.9,NA,NA,0,1.4,1,13.61,0.37,0,0.1,NA
"BRINGELLY",-33.91765,150.76193,53,5,13.6,100.9,NA,0.3,65.5,4,-2.6,-6.5,NA,NA,0.1,0.6,0.4,90.56,0.12,0.1,0.1,NA
"CARRINGTON",-32.90972,151.7633,5,5,16.1,94.4,0,1.8,321.5,NA,4,13.2,NA,NA,0,2.5,1,15.67,NA,NA,NA,NA
"CHULLORA",-33.89157,151.04606,32,5,16.2,93.8,NA,0.5,303.7,-2.8,12.8,8,0.1,0.1,0.1,1.7,1,47.64,0.15,0.1,0.1,NA
"EARLWOOD",-33.91618,151.13579,7,5,16.3,95.5,NA,0.2,330,NA,0.4,8.7,NA,NA,NA,2.2,0.9,69.74,0.14,0,0,NA
"KEMBLA GRANGE",-34.47442,150.81916,5,5,18,84.1,NA,0.3,359.6,-3.4,3.2,6.3,NA,NA,NA,0,0.3,95.22,0.1,1,1.2,NA
"LINDFIELD",-33.78113,151.1509,60,5,NA,NA,NA,NA,NA,NA,NA,NA,NA,NA,NA,NA,NA,NA,NA,NA,NA,NA
"LIVERPOOL",-33.9313,150.9073,22,5,15.7,96.1,NA,0.9,279.6,NA,6.4,5.5,0.1,0.2,0,0.7,1.1,28.62,0.35,0,0,NA
"MAYFIELD",-32.88506,151.72835,5,5,15.9,96.9,NA,1.8,322.4,-2.2,-2,11.5,NA,NA,0,1,0.9,26.66,NA,NA,NA,NA
"NEWCASTLE",-32.93118,151.75963,5,5,16,93.7,NA,2.5,321.8,NA,0.8,10.1,0.3,0.3,0.1,1.4,0.8,9.15,0.14,0.1,0,NA
"RANDWICK",-33.93178,151.2428,28,5,17,89.7,NA,0.2,26.6,NA,4.6,5.3,NA,NA,0.1,0.1,1.2,78.53,0.1,0.3,0.6,NA
"RICHMOND",-33.61644,150.74735,21,5,14.4,NA,NA,0.3,284.9,NA,NA,NA,NA,NA,0,0.2,NA,NA,NA,NA,NA,NA
"ROZELLE",-33.86435,151.16393,22,5,16.8,93.1,0,0.1,274.7,-8.4,0.2,7.2,0.2,0.2,0.1,0.7,1.1,86.28,0.1,0.1,0.5,NA
"STOCKTON",-32.90197,151.78427,5,5,17.1,96.6,NA,4.8,313.5,NA,1.6,28.9,NA,NA,0.1,3.4,2.3,9.45,NA,NA,NA,1.7
"TAMWORTH",-31.10991,150.9145,405,5,12.9,93.4,NA,1.5,160.4,NA,-1.7,6.3,NA,NA,NA,NA,NA,13.27,NA,0.7,0.7,NA
"WALLSEND",-32.89439,151.67021,8,5,14.4,96.7,NA,0.1,170.2,-2.2,0.6,8,NA,NA,0,1.3,0.4,89.68,0.09,0,0.1,NA
"WOLLONGONG",-34.41706,150.88733,15,5,18.6,87.4,0,0.5,162.5,NA,79.8,22.1,0.2,0.2,0,0.4,1.2,69.26,0.25,0.2,0.3,NA
"WYONG",-33.27897,151.43241,3,5,15.3,96.6,0,1,7.9,NA,-1.8,9.1,0.1,0.1,0,0.4,0.2,24.21,0.05,0.1,0.2,NA
"BERESFIELD",-32.79679,151.66102,14,6,15.6,98.4,NA,2.4,310.2,NA,4.1,13.3,NA,NA,0.1,2.3,1.1,10.05,0.2,0.1,0.1,NA
"BRINGELLY",-33.91765,150.76193,53,6,14.2,101,NA,0.1,275.3,4.3,-1.1,2.4,NA,NA,0,0.5,0.5,83.33,0.43,0.1,0.1,NA
"CARRINGTON",-32.90972,151.7633,5,6,16.3,94.2,0,2.2,323.1,NA,1.8,14.5,NA,NA,0,2.1,1.1,15.93,NA,NA,NA,NA
"CHULLORA",-33.89157,151.04606,32,6,16.3,93.7,NA,1,276,-2.7,10.3,10.7,0,0.1,0.1,0.8,1,49.22,0.14,0.1,0.1,NA
"EARLWOOD",-33.91618,151.13579,7,6,16.4,95.5,NA,0.5,296.4,NA,0,11.7,NA,NA,NA,2.3,1,62.39,0.14,0,0,NA
"KEMBLA GRANGE",-34.47442,150.81916,5,6,17.6,83.6,NA,0.9,84.6,-3.7,7,9.1,NA,NA,NA,1.4,1.2,50.82,0.12,0.1,0.9,NA
"LINDFIELD",-33.78113,151.1509,60,6,NA,NA,NA,NA,NA,NA,NA,NA,NA,NA,NA,NA,NA,NA,NA,NA,NA,NA
"LIVERPOOL",-33.9313,150.9073,22,6,15.8,96.4,NA,1.4,260,NA,5.3,12.9,0,0.2,0.1,1.9,1.2,20.99,0.34,0,0,NA
"MAYFIELD",-32.88506,151.72835,5,6,16,96.6,NA,2.1,315.7,-1.9,3.9,13.2,NA,NA,0,2.3,1.1,23.53,NA,NA,NA,NA
"NEWCASTLE",-32.93118,151.75963,5,6,16.2,93.8,NA,2.5,325.3,NA,0.7,15.7,0.3,0.3,0.1,2.2,1,9.26,0.17,0.1,0.1,NA
"RANDWICK",-33.93178,151.2428,28,6,16.7,91.9,NA,0.4,293.5,NA,-1.3,11.4,NA,NA,0.1,0.3,1,61.55,0.1,0.2,0.5,NA
"RICHMOND",-33.61644,150.74735,21,6,14.1,NA,NA,0,228.1,NA,NA,NA,NA,NA,0,0.2,NA,NA,NA,NA,NA,NA
"ROZELLE",-33.86435,151.16393,22,6,17.2,91.8,0,0.6,328.1,-8.3,2.1,10.1,0.2,0.2,0.1,0.2,0.8,60.61,0.09,0.4,0.5,NA
"STOCKTON",-32.90197,151.78427,5,6,17.1,96.6,NA,5.5,320.4,NA,4.8,19.9,NA,NA,0.1,4.3,1.8,8.03,NA,NA,NA,2.6
"TAMWORTH",-31.10991,150.9145,405,6,12.3,94,NA,1.3,164.3,NA,0.4,4.9,NA,NA,NA,NA,NA,19.63,NA,0.5,0.7,NA
"WALLSEND",-32.89439,151.67021,8,6,14.6,96.9,NA,0.6,5.7,-2.3,1.2,12.5,NA,NA,0,1.1,0.7,42.79,0.11,0,0.1,NA
"WOLLONGONG",-34.41706,150.88733,15,6,18.8,85.8,0,0.2,149.1,NA,27.2,15.1,0.2,0.2,0,0.1,1,100.23,0.18,0.5,0.3,NA
"WYONG",-33.27897,151.43241,3,6,15.2,96.4,0,1,14.1,NA,-0.6,10.2,0.1,0.1,0,1.2,0.4,20.94,0.06,0,0.1,NA
"BERESFIELD",-32.79679,151.66102,14,7,15.8,97.7,NA,3,303.1,NA,4.4,24.2,NA,NA,0.1,2.9,1.1,9.18,0.19,0.1,0.1,NA
"BRINGELLY",-33.91765,150.76193,53,7,14.4,101.1,NA,0.1,355.2,13.8,-2.2,4.2,NA,NA,0,0.6,0.4,114.65,0.38,0.1,0.1,NA
"CARRINGTON",-32.90972,151.7633,5,7,16.6,93,0,3.2,310.9,NA,3.9,23.9,NA,NA,0.1,4.7,1.4,12.85,NA,NA,NA,NA
"CHULLORA",-33.89157,151.04606,32,7,16.3,93.2,NA,0.8,295.9,11.8,8.4,13.7,0.1,0.1,0.1,1.9,1,39.78,0.18,0.1,0.1,NA
"EARLWOOD",-33.91618,151.13579,7,7,16.5,94.9,NA,0.9,304.6,NA,3.7,13.6,NA,NA,NA,2.3,1.2,39.68,0.13,0,0,NA
"KEMBLA GRANGE",-34.47442,150.81916,5,7,19.4,69.6,NA,1,174,30,9.6,5.4,NA,NA,NA,0.7,0.8,59.18,0.14,0.9,0.8,NA
"LINDFIELD",-33.78113,151.1509,60,7,NA,NA,NA,NA,NA,NA,NA,NA,NA,NA,NA,NA,NA,NA,NA,NA,NA,NA
"LIVERPOOL",-33.9313,150.9073,22,7,16,96.5,NA,0.8,276.2,NA,2.5,12.4,0,0.2,0.1,1.9,1.2,73.55,0.32,0,0,NA
"MAYFIELD",-32.88506,151.72835,5,7,16.2,95.4,NA,2.7,310.5,32.3,5.8,25.1,NA,NA,0.1,3.2,1.2,19.11,NA,NA,NA,NA
"NEWCASTLE",-32.93118,151.75963,5,7,16.4,93,NA,2.9,324.5,NA,3.5,20.2,0.3,0.3,0.1,2.6,1.1,10.56,0.16,0.1,0.1,NA
"RANDWICK",-33.93178,151.2428,28,7,17.1,91.2,NA,0.8,275,NA,6.8,15.6,NA,NA,0.1,2.1,1.3,22.21,0.12,0.2,0.4,NA
"RICHMOND",-33.61644,150.74735,21,7,13.9,NA,NA,0.1,26.1,NA,NA,NA,NA,NA,0,0.4,NA,NA,NA,NA,NA,NA
"ROZELLE",-33.86435,151.16393,22,7,16.8,93.2,0,0.4,321.8,9.1,2.2,10,0.2,0.2,0,0.6,1,62.26,0.12,0.2,0.3,NA
"STOCKTON",-32.90197,151.78427,5,7,17.2,96,NA,5.5,318.5,NA,8.7,28.9,NA,NA,0.1,4.8,2,8.91,NA,NA,NA,2.5
"TAMWORTH",-31.10991,150.9145,405,7,12.3,93,NA,1.3,148.1,NA,2.4,9.8,NA,NA,NA,NA,NA,14.72,NA,0.4,0.6,NA
"WALLSEND",-32.89439,151.67021,8,7,15.7,96.5,NA,1.3,350.7,31.9,5.1,31.2,NA,NA,0,1.8,1.1,35.08,0.16,0.1,0.1,NA
"WOLLONGONG",-34.41706,150.88733,15,7,19,83.1,0,0.2,139.7,NA,19.4,17.8,0.3,0.2,0,1.2,1.3,83.93,0.21,0.3,0.3,NA
"WYONG",-33.27897,151.43241,3,7,15.1,96.5,0,0.8,17.8,NA,0.7,16.6,0.1,0.1,0,2.3,0.4,30.28,0.06,0,0.1,NA
"BERESFIELD",-32.79679,151.66102,14,8,17.2,92.3,NA,2.6,300.4,NA,1.3,20,NA,NA,0.1,2,0.9,11.79,0.19,0.3,0.1,NA
"BRINGELLY",-33.91765,150.76193,53,8,15.2,101.2,NA,0.4,236.6,104.9,-0.4,32,NA,NA,0,0.5,0.3,49.83,0.46,0.3,0.1,NA
"CARRINGTON",-32.90972,151.7633,5,8,18.2,86.6,0,3.6,308.3,NA,6.2,27.4,NA,NA,0.1,3.7,1.3,15.16,NA,NA,NA,NA
"CHULLORA",-33.89157,151.04606,32,8,16.7,92.2,NA,0.7,278.1,83.3,5.9,25,0.2,0.1,0.1,4.5,1.1,46.79,0.3,0.2,0.1,NA
"EARLWOOD",-33.91618,151.13579,7,8,17.1,92.8,NA,1.2,297.3,NA,4.3,18.3,NA,NA,NA,3.4,1.3,24.13,0.16,0.1,0,NA
"KEMBLA GRANGE",-34.47442,150.81916,5,8,21.5,63.9,NA,1.1,139.9,216.2,5.9,21.5,NA,NA,NA,1,1.1,74.87,0.22,0.9,0.7,NA
"LINDFIELD",-33.78113,151.1509,60,8,NA,NA,NA,NA,NA,NA,NA,NA,NA,NA,NA,NA,NA,NA,NA,NA,NA,NA
"LIVERPOOL",-33.9313,150.9073,22,8,16.2,96.5,NA,3.4,94.5,NA,5.6,18.2,0.1,0.1,0.1,3.2,1.3,9.45,0.5,0.1,0,NA
"MAYFIELD",-32.88506,151.72835,5,8,17.7,89.4,NA,2.9,302.8,205.9,19.5,29.4,NA,NA,0.1,2.6,1.1,18,NA,NA,NA,NA
"NEWCASTLE",-32.93118,151.75963,5,8,18.3,86.4,NA,4.3,321.1,NA,4.3,20.1,0.2,0.3,0.1,2.1,1,9.9,0.15,0.4,0.2,NA
"RANDWICK",-33.93178,151.2428,28,8,17.8,88.5,NA,1,278.1,NA,3.5,17.1,NA,NA,0.1,3.4,1.3,25.79,0.15,0.3,0.2,NA
"RICHMOND",-33.61644,150.74735,21,8,15.8,NA,NA,0.3,85.4,NA,NA,NA,NA,NA,0,1.1,NA,NA,NA,NA,NA,NA
"ROZELLE",-33.86435,151.16393,22,8,17.3,91.9,0,0.7,304.1,51.4,4.4,16.6,0.3,0.2,0.1,1.1,1,26.08,0.14,0.3,0.2,NA
"STOCKTON",-32.90197,151.78427,5,8,18.1,91.4,NA,5.7,305.2,NA,12.2,39.9,NA,NA,0.1,4.3,2.4,8.71,NA,NA,NA,2.9
"TAMWORTH",-31.10991,150.9145,405,8,14.9,83.3,NA,1,166.6,NA,-4.3,15.2,NA,NA,NA,NA,NA,34.04,NA,0.6,0.5,NA
"WALLSEND",-32.89439,151.67021,8,8,18.6,85.1,NA,1.6,322.4,200,NA,22.3,NA,NA,0,1.4,1.1,30.95,0.16,0.5,0.2,NA
"WOLLONGONG",-34.41706,150.88733,15,8,21.4,70.6,0,0.7,131.8,NA,8.3,25.8,0.2,0.2,0,0.8,1.1,55.86,0.29,0.8,0.4,NA
"WYONG",-33.27897,151.43241,3,8,17.3,91.9,0,0.8,342.2,NA,4.6,20.1,0.1,0.1,0.1,2.6,0.4,71.96,0.09,0.3,0.1,NA
"BERESFIELD",-32.79679,151.66102,14,9,19.3,84.7,NA,5.1,295,NA,-3.2,10,NA,NA,0.2,1,0.6,10.61,0.16,0.8,0.3,NA
"BRINGELLY",-33.91765,150.76193,53,9,16.6,101.1,NA,0.5,337.4,320.7,-4.8,20.9,NA,NA,0,0.6,0.3,59.4,0.3,0.5,0.2,NA
"CARRINGTON",-32.90972,151.7633,5,9,19.9,79.5,0,4.1,301.3,NA,4.8,14.1,NA,NA,0.1,1.7,0.9,16.62,NA,NA,NA,NA
"CHULLORA",-33.89157,151.04606,32,9,20.2,77.3,NA,1.5,308.3,378.8,5.5,25,0.1,0.1,0.1,2.9,1,37.89,0.22,0.5,0.2,NA
"EARLWOOD",-33.91618,151.13579,7,9,19.3,82.8,NA,2,292.9,NA,5.7,20.8,NA,NA,NA,3.8,1.5,21.12,0.19,0.3,0.1,NA
"KEMBLA GRANGE",-34.47442,150.81916,5,9,25.3,45.7,NA,1,4.2,358.3,12.1,8.7,NA,NA,NA,0,0,63.45,0.33,3,1.2,NA
"LINDFIELD",-33.78113,151.1509,60,9,NA,NA,NA,NA,NA,NA,NA,NA,NA,NA,NA,NA,NA,NA,NA,NA,NA,NA
"LIVERPOOL",-33.9313,150.9073,22,9,17.9,92.2,NA,0.2,310.3,NA,2.8,15.7,0.1,0.1,0.1,3.1,1.2,86.7,0.5,0.3,0.1,NA
"MAYFIELD",-32.88506,151.72835,5,9,19.2,83,NA,3.7,305.4,429.1,27.2,14.8,NA,NA,0.1,1.5,0.8,18.82,NA,NA,NA,NA
"NEWCASTLE",-32.93118,151.75963,5,9,20.2,78.2,NA,4.2,319.8,NA,5.5,15.1,0.2,0.3,0.1,1.1,0.7,11.32,0.13,0.9,0.4,NA
"RANDWICK",-33.93178,151.2428,28,9,19.8,78.4,NA,1.3,285.6,NA,7.3,14,NA,NA,0.1,3.4,1.3,27.12,0.15,0.5,0.3,NA
"RICHMOND",-33.61644,150.74735,21,9,19,NA,NA,0.7,73.2,NA,NA,NA,NA,NA,0,0.6,NA,NA,NA,NA,NA,NA
"ROZELLE",-33.86435,151.16393,22,9,19.9,79.5,0,0.8,307.8,390.1,7,13.6,0.3,0.2,0.1,2,1.2,42.06,0.17,0.5,0.3,NA
"STOCKTON",-32.90197,151.78427,5,9,19.4,85.5,NA,6.5,303.7,NA,16.6,28.8,NA,NA,0.1,2.8,1.7,8.93,NA,NA,NA,4.6
"TAMWORTH",-31.10991,150.9145,405,9,18,73.6,NA,0.2,345.2,NA,NA,13.9,NA,NA,NA,NA,NA,93.41,NA,1,0.6,NA
"WALLSEND",-32.89439,151.67021,8,9,20.1,78,NA,2.5,324.1,355.8,14.7,8.3,NA,NA,0.1,1.1,0.8,21.71,0.15,0.8,0.3,NA
"WOLLONGONG",-34.41706,150.88733,15,9,25.2,48.1,0,1.1,303.6,NA,-7.5,16.3,NA,0.2,NA,NA,NA,78.1,NA,2.1,0.9,NA
"WYONG",-33.27897,151.43241,3,9,20.6,79.1,0,2.2,312.3,NA,12.2,7.6,0.1,0.1,0,0.7,0.4,17.21,0.16,1.3,0.4,NA
"BERESFIELD",-32.79679,151.66102,14,10,21.3,76.6,NA,5.8,295.8,NA,0.5,11.7,NA,NA,0.6,1.2,0.8,10.7,0.14,0.9,0.5,NA
"BRINGELLY",-33.91765,150.76193,53,10,18.7,94.8,NA,0.9,334.4,301,NA,25.6,NA,NA,-0.1,0.5,0.5,44.82,0.29,0.8,0.4,NA
"CARRINGTON",-32.90972,151.7633,5,10,21.9,70.8,0,4.1,304.8,NA,3.6,12.2,NA,NA,0.1,1.5,0.9,16.86,NA,NA,NA,NA
"CHULLORA",-33.89157,151.04606,32,10,23.9,60.1,NA,1.9,316.8,631.2,4.3,8.4,0.1,0.1,0.1,1.1,0.9,32.32,0.17,1.3,0.5,NA
"EARLWOOD",-33.91618,151.13579,7,10,23.1,64.3,NA,2.1,297.9,NA,7,6.9,NA,NA,NA,1.4,1.4,25.93,0.16,1.1,0.4,NA
"KEMBLA GRANGE",-34.47442,150.81916,5,10,24.5,50.1,NA,0.7,355.6,190.3,15.3,27.9,NA,NA,NA,0,0,83.92,0.26,2.6,1.9,NA
"LINDFIELD",-33.78113,151.1509,60,10,NA,NA,NA,NA,NA,NA,NA,NA,NA,NA,NA,NA,NA,NA,NA,NA,NA,NA
"LIVERPOOL",-33.9313,150.9073,22,10,21.9,72.7,NA,1.2,288,NA,5.1,12.8,0.1,0.1,0.1,2.3,1.3,37.41,0.28,0.6,0.3,NA
"MAYFIELD",-32.88506,151.72835,5,10,21.6,72.5,NA,3.6,298,624.8,14.2,14,NA,NA,0.4,1.2,0.8,19.89,NA,NA,NA,NA
"NEWCASTLE",-32.93118,151.75963,5,10,22.4,68.5,NA,4.3,316.3,NA,NA,9.7,0.2,0.3,0.2,0.9,0.6,13.74,0.14,1.3,0.7,NA
"RANDWICK",-33.93178,151.2428,28,10,23.2,62.5,NA,1.5,292.1,NA,8.1,13.4,NA,NA,0.1,2.2,1.5,29.53,0.18,1,0.5,NA
"RICHMOND",-33.61644,150.74735,21,10,22.4,NA,NA,1.2,58.8,NA,NA,NA,NA,NA,0,0.2,NA,NA,NA,NA,NA,NA
"ROZELLE",-33.86435,151.16393,22,10,23.8,62.6,0,1.1,322.6,593.1,6.4,11.9,0.3,0.2,0.1,1.3,1.1,40.17,0.19,1.2,0.6,NA
"STOCKTON",-32.90197,151.78427,5,10,21.3,77.4,NA,6.3,306.9,NA,11.2,20.1,NA,NA,0.2,2.1,1.8,10.06,NA,NA,NA,5
"TAMWORTH",-31.10991,150.9145,405,10,19.9,67.8,NA,0.9,335.5,NA,NA,21.9,NA,NA,NA,NA,NA,52.03,NA,NA,0.7,NA
"WALLSEND",-32.89439,151.67021,8,10,22.9,68,NA,2.1,316.4,594.9,12.5,14.6,NA,NA,0.3,0.9,0.7,27.63,0.16,1.3,0.7,NA
"WOLLONGONG",-34.41706,150.88733,15,10,25.4,45.6,0.2,0.6,139.9,NA,NA,25,NA,0.2,NA,NA,NA,83.97,NA,NA,1.1,NA
"WYONG",-33.27897,151.43241,3,10,23.5,63.9,0,2.5,292.2,NA,7.1,3.9,0,0.1,0.1,1.1,0.6,24.7,0.18,2.1,0.9,NA
"BERESFIELD",-32.79679,151.66102,14,11,23.8,65.1,NA,6.5,291.8,NA,4.2,13.2,NA,NA,1.4,1.1,0.9,11.97,0.17,1.4,0.9,NA
"BRINGELLY",-33.91765,150.76193,53,11,20.1,86.5,NA,0.6,287.3,114,-6.5,28.1,NA,NA,-0.1,0.5,0.8,50.86,0.25,0.6,0.5,NA
"CARRINGTON",-32.90972,151.7633,5,11,24.2,62,0,4.3,301.9,NA,4.2,19.1,NA,NA,0.3,0.6,0.6,17.38,NA,NA,NA,NA
"CHULLORA",-33.89157,151.04606,32,11,25.1,54,NA,1.6,316.5,306.7,9.3,23.6,0.1,0.1,0.1,0.5,1.2,34.38,0.24,1.6,0.9,NA
"EARLWOOD",-33.91618,151.13579,7,11,25.5,51.1,NA,1.7,301.2,NA,5.3,15.7,NA,NA,NA,0.5,1.4,31.16,0.21,1.9,0.8,NA
"KEMBLA GRANGE",-34.47442,150.81916,5,11,23.6,53.8,NA,0.8,156,90.1,8.6,21,NA,NA,NA,0.1,0.1,88.7,0.21,2.3,2.2,NA
"LINDFIELD",-33.78113,151.1509,60,11,NA,NA,NA,NA,NA,NA,NA,NA,NA,NA,NA,NA,NA,NA,NA,NA,NA,NA
"LIVERPOOL",-33.9313,150.9073,22,11,23.5,63,NA,2,289.7,NA,15.5,18.4,0.1,0.1,0.1,1,1.7,16.38,0.23,0.8,0.5,NA
"MAYFIELD",-32.88506,151.72835,5,11,23.9,63.4,NA,3.4,297.6,618.4,9.6,19,NA,NA,0.5,0.7,0.7,19.71,NA,NA,NA,NA
"NEWCASTLE",-32.93118,151.75963,5,11,24.7,58.7,NA,4.8,316,NA,13.1,13.2,0.2,0.2,0.3,0.4,0.5,12.83,0.15,2.1,1.2,NA
"RANDWICK",-33.93178,151.2428,28,11,25.7,49.1,NA,1.7,297,NA,4,6.4,NA,NA,0.1,0.4,1.1,31.66,0.22,2.5,1.1,NA
"RICHMOND",-33.61644,150.74735,21,11,23.9,NA,NA,0.4,60.6,NA,NA,NA,NA,NA,0.1,0,NA,NA,NA,NA,NA,NA
"ROZELLE",-33.86435,151.16393,22,11,25.7,50.4,0,1.4,307.7,379.6,6.4,15.1,0.2,0.2,0.1,0.1,0.4,34.09,0.22,3,1.3,NA
"STOCKTON",-32.90197,151.78427,5,11,23.4,68.7,NA,5.8,308.5,NA,9.7,25.7,NA,NA,0.6,2,1.7,11.3,NA,NA,NA,4.6
"TAMWORTH",-31.10991,150.9145,405,11,21.8,62.8,NA,1.8,329.6,NA,NA,20.2,NA,NA,NA,NA,NA,33.29,NA,NA,NA,NA
"WALLSEND",-32.89439,151.67021,8,11,24.6,61.4,NA,2.3,300.3,622.1,9.6,12.7,NA,NA,0.3,0.4,0.5,26.39,0.16,2,1.1,NA
"WOLLONGONG",-34.41706,150.88733,15,11,24.5,50.2,0,0.9,232.8,NA,NA,18.7,NA,NA,NA,NA,NA,66.18,NA,NA,NA,NA
"WYONG",-33.27897,151.43241,3,11,25.1,57.7,0,2.5,298.1,NA,3.3,11.5,0,0.1,0.1,0.9,0.8,29.97,0.18,2.4,1.5,NA
"BERESFIELD",-32.79679,151.66102,14,12,25.5,57.9,NA,7.2,295.9,NA,3.1,20.4,NA,NA,0.4,0.4,0.5,10.78,0.18,2.2,1.4,NA
"BRINGELLY",-33.91765,150.76193,53,12,20.3,88,NA,0.4,194.7,73.4,3.9,41.2,NA,NA,-0.1,1.3,1,70.06,0.28,0.2,0.5,NA
"CARRINGTON",-32.90972,151.7633,5,12,25.9,56.3,0,3.7,309,NA,4.5,17.1,NA,NA,0.2,0.4,0.6,19.7,NA,NA,NA,NA
"CHULLORA",-33.89157,151.04606,32,12,25.2,50,NA,1.8,296.4,158.7,11.7,18.3,0,0.1,0,0.3,1.2,38.95,0.22,1.9,1.3,NA
"EARLWOOD",-33.91618,151.13579,7,12,25.6,48.1,NA,2,296.7,NA,7.5,15.7,NA,NA,NA,0.2,1.2,29.99,0.22,2.2,1.4,NA
"KEMBLA GRANGE",-34.47442,150.81916,5,12,22.9,55.3,NA,1.9,178.8,80.4,10.5,15.2,NA,NA,NA,0,0,39.61,0.16,2.3,2.6,NA
"LINDFIELD",-33.78113,151.1509,60,12,NA,NA,NA,NA,NA,NA,NA,NA,NA,NA,NA,NA,NA,NA,NA,NA,NA,NA
"LIVERPOOL",-33.9313,150.9073,22,12,23,68.7,NA,1.4,237.9,NA,12.7,33.5,0.1,0.1,0.1,2.4,2.1,24.21,0.33,0.3,0.5,NA
"MAYFIELD",-32.88506,151.72835,5,12,25.7,56.5,NA,3.2,301.7,759.8,10.8,15.6,NA,NA,0.2,0.3,0.5,21.43,NA,NA,NA,NA
"NEWCASTLE",-32.93118,151.75963,5,12,26.3,53.2,NA,4.4,313.7,NA,10,11.9,0.2,0.2,0.3,0.2,0.4,15.73,0.17,2.9,1.8,NA
"RANDWICK",-33.93178,151.2428,28,12,25.8,46.2,NA,2.4,278.8,NA,4.4,16.9,NA,NA,0.1,0.2,0.9,25.32,0.22,2.9,1.7,NA
"RICHMOND",-33.61644,150.74735,21,12,24.4,NA,NA,0.6,102.7,NA,NA,NA,NA,NA,0.1,0,NA,NA,NA,NA,NA,NA
"ROZELLE",-33.86435,151.16393,22,12,25.4,49.2,0,1.9,307.2,201.8,7,10.8,0.2,0.2,0.1,0,0.3,26.92,0.21,3.1,2,NA
"STOCKTON",-32.90197,151.78427,5,12,25.1,61.2,NA,6.2,306.8,NA,8.5,27.4,NA,NA,0.2,0.8,1.5,9.9,NA,NA,NA,4.5
"TAMWORTH",-31.10991,150.9145,405,12,23.8,55.9,NA,1.9,313.8,NA,6.5,13.3,NA,NA,NA,NA,NA,33.99,NA,NA,NA,NA
"WALLSEND",-32.89439,151.67021,8,12,26.5,55.6,NA,2.4,308.1,742.1,5.9,15.5,NA,NA,0.2,0.3,0.5,31.95,0.19,2.7,1.7,NA
"WOLLONGONG",-34.41706,150.88733,15,12,24,50.1,0,1.4,225.4,NA,NA,9.6,NA,NA,NA,NA,NA,34.57,NA,NA,NA,NA
"WYONG",-33.27897,151.43241,3,12,25.5,57.8,0,2.9,304,NA,4.4,12.3,0.1,0.1,0.1,0.9,0.5,23.34,0.18,2.3,2,NA
"BERESFIELD",-32.79679,151.66102,14,13,26.9,51.3,NA,7.2,293.7,NA,6.8,18.5,NA,NA,0.2,0.2,0.3,12.02,0.2,3.2,1.9,NA
"BRINGELLY",-33.91765,150.76193,53,13,21.7,82.9,NA,0.3,184.3,281.3,-0.6,41.9,NA,NA,0,2,1,57.01,0.31,0.4,0.5,NA
"CARRINGTON",-32.90972,151.7633,5,13,27.1,52.3,0,4.3,302,NA,2.4,17.9,NA,NA,0.1,0.3,0.5,17.09,NA,NA,NA,NA
"CHULLORA",-33.89157,151.04606,32,13,24.7,53.2,NA,1.3,309.5,160.9,8.4,25.1,0.1,0.1,0.1,0.7,1.8,38.54,0.23,1.2,1.5,NA
"EARLWOOD",-33.91618,151.13579,7,13,25,51.2,NA,1.5,298.9,NA,6.4,23.5,NA,NA,NA,0.5,1.8,28.61,0.21,1.4,1.6,NA
"KEMBLA GRANGE",-34.47442,150.81916,5,13,25.3,49.6,NA,0.4,347.8,506.8,4.7,21.8,NA,NA,NA,0.1,0,86.51,0.14,2.5,2.4,NA
"LINDFIELD",-33.78113,151.1509,60,13,NA,NA,NA,NA,NA,NA,NA,NA,NA,NA,NA,NA,NA,NA,NA,NA,NA,NA
"LIVERPOOL",-33.9313,150.9073,22,13,23.7,64.8,NA,0.5,216.1,NA,15.3,30.7,0.1,0.1,0.1,2.1,2.2,36.98,0.38,0.5,0.6,NA
"MAYFIELD",-32.88506,151.72835,5,13,26.9,51.5,NA,3.5,295.3,797.6,10.2,20.5,NA,NA,0.1,0.1,0.3,20.67,NA,NA,NA,NA
"NEWCASTLE",-32.93118,151.75963,5,13,27.7,49.9,NA,4.2,314.1,NA,4.7,19,0.2,0.2,0.2,0.2,0.3,19.5,0.19,3.5,2.4,NA
"RANDWICK",-33.93178,151.2428,28,13,25,49.4,NA,2.8,266.3,NA,15.5,23.9,NA,NA,0.1,0.3,1.1,20.82,0.21,2.3,2.2,NA
"RICHMOND",-33.61644,150.74735,21,13,23.6,NA,NA,0.7,360,NA,NA,NA,NA,NA,0.1,0.1,NA,NA,NA,NA,NA,NA
"ROZELLE",-33.86435,151.16393,22,13,24.7,53.3,0,1.6,302,175.1,9.2,20.3,0.2,0.2,0.1,0.1,0.8,27.95,0.2,2.3,2.4,NA
"STOCKTON",-32.90197,151.78427,5,13,26.2,57.7,NA,6.5,309.9,NA,7.9,29.9,NA,NA,0.2,1.1,1.8,10.6,NA,NA,NA,4.5
"TAMWORTH",-31.10991,150.9145,405,13,25.4,48.5,NA,2.2,302.9,NA,9.2,9.4,NA,NA,NA,NA,NA,32.78,NA,NA,NA,NA
"WALLSEND",-32.89439,151.67021,8,13,27.7,51.6,NA,2.4,307.5,725.9,11.3,14.6,NA,NA,0.1,0.1,0.3,30.79,0.2,3.4,2.4,NA
"WOLLONGONG",-34.41706,150.88733,15,13,24.9,50.9,0,0.2,84.2,NA,NA,22.7,1.8,NA,0,0.2,0.1,70.84,0.2,2.1,NA,NA
"WYONG",-33.27897,151.43241,3,13,27.3,51,0,2.9,290,NA,11.8,9.5,0.1,0.1,0.1,0.7,0.5,24.08,0.17,2.5,2.3,NA
"BERESFIELD",-32.79679,151.66102,14,14,28.1,44.8,NA,7.2,292.5,NA,12.2,19,NA,NA,0.1,0.1,0.2,11.86,0.17,3.8,2.6,NA
"BRINGELLY",-33.91765,150.76193,53,14,26.6,54.9,NA,0.2,189.7,649.7,0,20,NA,NA,-0.1,0.5,0.8,81.9,0.25,2.1,0.8,NA
"CARRINGTON",-32.90972,151.7633,5,14,27.8,47.4,0,4.1,299.5,NA,7,13.5,NA,NA,0.1,0.1,0.5,18.85,NA,NA,NA,NA
"CHULLORA",-33.89157,151.04606,32,14,26.3,46.8,NA,1.1,307.7,518.2,12.1,14.6,0,0.1,0.1,0.5,1.1,49.66,0.19,2,1.7,NA
"EARLWOOD",-33.91618,151.13579,7,14,26.1,47.9,NA,1.2,298.4,NA,5.4,14.5,NA,NA,NA,0.5,1.4,33.94,0.19,1.8,1.8,NA
"KEMBLA GRANGE",-34.47442,150.81916,5,14,28.3,35.7,NA,3.7,292,687.9,6.9,NA,NA,NA,NA,0.1,-0.1,27.69,0.14,3,2.5,NA
"LINDFIELD",-33.78113,151.1509,60,14,NA,NA,NA,NA,NA,NA,NA,NA,NA,NA,NA,NA,NA,NA,NA,NA,NA,NA
"LIVERPOOL",-33.9313,150.9073,22,14,26.3,51.1,NA,0.2,148.7,NA,14.8,21.2,0.1,0.1,0.1,1.5,1.9,94.89,0.27,1.6,0.8,NA
"MAYFIELD",-32.88506,151.72835,5,14,27.8,46,NA,3.2,293.9,491.3,6.7,12,NA,NA,0,0.2,0.5,21.62,NA,NA,NA,NA
"NEWCASTLE",-32.93118,151.75963,5,14,28.1,46.4,NA,3.7,310.3,NA,-5.4,10.7,0.2,0.2,0.2,0.1,0.2,21.36,0.19,4,3.1,NA
"RANDWICK",-33.93178,151.2428,28,14,25.7,47.4,NA,2.2,267.3,NA,11,15,NA,NA,0.1,0.6,1.3,23.07,0.22,2.2,2.5,NA
"RICHMOND",-33.61644,150.74735,21,14,25.1,NA,NA,1.6,20.1,NA,NA,NA,NA,NA,0.1,0,NA,NA,NA,NA,NA,NA
"ROZELLE",-33.86435,151.16393,22,14,25.6,51.2,0,0.9,314.9,396.6,10,16.2,0.2,0.2,0.1,0.2,0.8,45.9,0.2,2.4,2.7,NA
"STOCKTON",-32.90197,151.78427,5,14,27.2,51.1,NA,6.6,299.6,NA,8.5,24.3,NA,NA,0.1,0.2,0.9,12.03,NA,NA,NA,3.8
"TAMWORTH",-31.10991,150.9145,405,14,26.5,41.4,NA,2.5,282.7,NA,10.9,5.7,NA,NA,NA,NA,NA,33.19,NA,3.4,NA,NA
"WALLSEND",-32.89439,151.67021,8,14,28,47.1,NA,2.8,297.2,439.2,13.2,11.5,NA,NA,0,0,0.3,26.7,0.19,3.8,3,NA
"WOLLONGONG",-34.41706,150.88733,15,14,28.1,37.9,0,2.3,306.1,NA,NA,9.2,1.8,NA,0,0.1,-0.3,32.14,0.15,2.9,NA,NA
"WYONG",-33.27897,151.43241,3,14,26,51.7,0,2.3,285.1,NA,12.1,12.4,0.1,0.1,0.1,1.3,1.2,24.98,0.17,2.4,2.4,NA
"BERESFIELD",-32.79679,151.66102,14,15,27,47.4,NA,5.4,286.4,NA,13.2,24.5,NA,NA,0.1,0.1,0.3,10.99,0.17,3.4,3.1,NA
"BRINGELLY",-33.91765,150.76193,53,15,27.4,50.3,NA,2.2,337.1,523.9,8.2,30.5,NA,NA,-0.1,0.2,0.6,28.46,0.22,3,1.4,NA
"CARRINGTON",-32.90972,151.7633,5,15,27.2,47.8,0,4.1,286.3,NA,11.8,16.8,NA,NA,0,0,0.4,16.65,NA,NA,NA,NA
"CHULLORA",-33.89157,151.04606,32,15,28,42.7,NA,1.5,328,552.8,6,18.4,0.1,0.1,0.1,0.4,1,42.95,0.19,2.6,1.9,NA
"EARLWOOD",-33.91618,151.13579,7,15,28.3,39.9,NA,1.4,306,NA,9,18.2,NA,NA,NA,0.3,1.2,38.65,0.18,2.6,2,NA
"KEMBLA GRANGE",-34.47442,150.81916,5,15,29.3,26.7,NA,5,265.6,581.6,10.6,16.7,NA,NA,NA,0,-0.2,15.05,0.14,3.2,2.8,NA
"LINDFIELD",-33.78113,151.1509,60,15,NA,NA,NA,NA,NA,NA,NA,NA,NA,NA,NA,NA,NA,NA,NA,NA,NA,NA
"LIVERPOOL",-33.9313,150.9073,22,15,27.4,45.4,NA,2.5,333.7,NA,9.7,22.6,0,0.1,0.1,0.5,1.3,25.75,0.25,2.6,1.2,NA
"MAYFIELD",-32.88506,151.72835,5,15,27,48,NA,2.8,283.4,180.3,-5.8,22.9,NA,NA,0,0.2,0.9,18.44,NA,NA,NA,NA
"NEWCASTLE",-32.93118,151.75963,5,15,27.6,47,NA,2.6,308.3,NA,-2,20.2,0.2,0.2,0.1,0.1,0.5,25.01,0.18,3.3,3.4,NA
"RANDWICK",-33.93178,151.2428,28,15,27.4,41.5,NA,1.5,293.1,NA,16.1,17.7,NA,NA,0.1,0.3,0.9,38.08,0.19,2.9,2.6,NA
"RICHMOND",-33.61644,150.74735,21,15,26.9,NA,NA,1.7,9,NA,NA,NA,NA,NA,0.1,0,NA,NA,NA,NA,NA,NA
"ROZELLE",-33.86435,151.16393,22,15,27.8,43.9,0,1.1,328,531.8,5.7,13.5,0.2,0.2,0,0.1,0.4,41.41,0.17,3.1,2.7,NA
"STOCKTON",-32.90197,151.78427,5,15,27.1,50.2,NA,6.6,287.9,NA,6.4,20.8,NA,NA,0.1,0,0.5,8.57,NA,NA,NA,3.6
"TAMWORTH",-31.10991,150.9145,405,15,26.7,40.6,NA,3,284.7,NA,14.6,13.7,NA,NA,NA,NA,NA,23.92,NA,3.6,NA,NA
"WALLSEND",-32.89439,151.67021,8,15,26.8,49,NA,2.1,289.6,158.7,7.9,18.7,NA,NA,0.1,0,0.3,22.57,0.17,3.4,3.3,NA
"WOLLONGONG",-34.41706,150.88733,15,15,29.2,32.2,0,2.7,287.6,NA,NA,1.3,1.7,NA,0,0.1,-0.2,32.02,0.15,3.2,2.7,NA
"WYONG",-33.27897,151.43241,3,15,25.8,56.3,0,2,308.7,NA,11.5,17.2,0.1,0.1,0.1,1.2,0.6,20.78,0.2,2.3,2.4,NA
"BERESFIELD",-32.79679,151.66102,14,16,26.5,50.8,NA,3.7,288.2,NA,10.1,19.8,NA,NA,0.1,0.1,0.5,11.01,0.18,3.2,3.4,NA
"BRINGELLY",-33.91765,150.76193,53,16,27.4,49.6,NA,1.9,10.6,349.8,13.7,25.5,NA,NA,0,0.1,0.4,21.71,0.22,3.8,2.3,NA
"CARRINGTON",-32.90972,151.7633,5,16,27,48.8,0,3.4,303.7,NA,8.1,21.3,NA,NA,0,0.3,0.9,15.92,NA,NA,NA,NA
"CHULLORA",-33.89157,151.04606,32,16,28.1,42.9,NA,1.6,340.1,382.4,5.5,22,0,0.1,0.1,0.2,0.7,34.59,0.19,3.2,2.3,NA
"EARLWOOD",-33.91618,151.13579,7,16,28.5,40.3,NA,1.4,318.4,NA,4.2,23.3,NA,NA,NA,0.1,1.1,40.56,0.18,3.2,2.3,NA
"KEMBLA GRANGE",-34.47442,150.81916,5,16,28.7,28.2,NA,5.9,244.7,357.8,11.6,37.5,NA,NA,NA,0,-0.2,14.3,0.14,3.3,3,NA
"LINDFIELD",-33.78113,151.1509,60,16,NA,NA,NA,NA,NA,NA,NA,NA,NA,NA,NA,NA,NA,NA,NA,NA,NA,NA
"LIVERPOOL",-33.9313,150.9073,22,16,27.4,45.3,NA,3.3,352.1,NA,12.1,22.3,0,0.1,0.1,0.2,1,19.39,0.22,3.1,1.9,NA
"MAYFIELD",-32.88506,151.72835,5,16,26.4,50.3,NA,1.9,301.1,179.8,0.5,23.8,NA,NA,0.1,0.3,0.8,22.73,NA,NA,NA,NA
"NEWCASTLE",-32.93118,151.75963,5,16,27.3,47.1,NA,3.6,315.2,NA,5.7,16.6,0.2,0.2,0.1,0.1,0.3,15.28,0.16,3.3,3.5,NA
"RANDWICK",-33.93178,151.2428,28,16,27.9,40.4,NA,1.3,297.4,NA,17.2,22.3,NA,NA,0.1,0.2,1,30.38,0.2,3.2,2.6,NA
"RICHMOND",-33.61644,150.74735,21,16,28.4,NA,NA,0.7,1,NA,NA,NA,NA,NA,0.1,0,NA,NA,NA,NA,NA,NA
"ROZELLE",-33.86435,151.16393,22,16,28.4,42.6,0,1,314.9,347.5,6.5,17.4,0.2,0.2,0.1,0,0.3,50.2,0.17,3.7,2.9,NA
"STOCKTON",-32.90197,151.78427,5,16,26.7,52.1,NA,5.6,304.2,NA,9.9,29.1,NA,NA,0,0.2,1.1,8.17,NA,NA,NA,3.4
"TAMWORTH",-31.10991,150.9145,405,16,26.9,40.7,NA,2.6,278.8,NA,16.1,19.3,NA,NA,NA,NA,NA,23.15,NA,3.4,3.5,NA
"WALLSEND",-32.89439,151.67021,8,16,26.5,50.6,NA,1.8,306.2,223.5,5.9,18.2,NA,NA,0.1,0.1,0.4,23.94,0.18,3.2,3.4,NA
"WOLLONGONG",-34.41706,150.88733,15,16,29.5,25.5,0,2.6,254.3,NA,NA,16.4,1.6,NA,0,0.1,-0.2,31.32,0.14,3,2.8,NA
"WYONG",-33.27897,151.43241,3,16,26.6,53.4,0,2.7,328.3,NA,9.2,12,0,0.1,0.1,0.4,0.2,22.18,0.16,2.7,2.5,NA
"BERESFIELD",-32.79679,151.66102,14,17,27,49.3,NA,2.8,298.3,NA,4.1,20.1,NA,NA,0.1,0.1,0.6,10.9,0.18,3.1,3.4,NA
"BRINGELLY",-33.91765,150.76193,53,17,27.6,43.8,NA,0.8,304.8,172.2,11.6,21.3,NA,NA,0,0,0.4,66.51,0.21,3.4,3.1,NA
"CARRINGTON",-32.90972,151.7633,5,17,27.1,48.1,0,3.2,303.8,NA,5.8,17.9,NA,NA,0,0.2,1.1,13.92,NA,NA,NA,NA
"CHULLORA",-33.89157,151.04606,32,17,27.7,41.8,NA,1.2,308.8,128.5,7.9,18.6,0,0,0.1,0.1,1,49.55,0.19,2.7,2.6,NA
"EARLWOOD",-33.91618,151.13579,7,17,27.8,42.6,NA,0.7,322.5,NA,4.6,21.3,NA,NA,NA,0.1,1.3,51.21,0.2,2.7,2.6,NA
"KEMBLA GRANGE",-34.47442,150.81916,5,17,22.8,69.7,NA,6.8,174.4,128.2,NA,107.6,NA,NA,NA,0,-0.2,19.04,0.24,2.7,3,NA
"LINDFIELD",-33.78113,151.1509,60,17,NA,NA,NA,NA,NA,NA,NA,NA,NA,NA,NA,NA,NA,NA,NA,NA,NA,NA
"LIVERPOOL",-33.9313,150.9073,22,17,27.6,42.7,NA,1.2,292.8,NA,12.4,20.9,0,0.1,0.1,0.1,1.2,52.15,0.2,2.9,2.5,NA
"MAYFIELD",-32.88506,151.72835,5,17,26.9,48.1,NA,2.3,301.7,71.8,5.8,17.5,NA,NA,0,0.1,0.6,19.32,NA,NA,NA,NA
"NEWCASTLE",-32.93118,151.75963,5,17,27.4,46.3,NA,3.2,314.3,NA,-1.4,14.6,0.2,0.2,0.1,0.1,0.4,13.33,0.16,3.3,3.5,NA
"RANDWICK",-33.93178,151.2428,28,17,27.5,41.7,NA,1.2,290.1,NA,11.6,17.4,NA,NA,0.1,0.1,0.9,28.37,0.19,3.4,2.9,NA
"RICHMOND",-33.61644,150.74735,21,17,28.2,NA,NA,2.2,266.9,NA,NA,NA,NA,NA,0.1,0,NA,NA,NA,NA,NA,NA
"ROZELLE",-33.86435,151.16393,22,17,27.7,43.5,0,0.8,298.2,135.1,5.5,12.3,0.2,0.2,0.1,0,0.3,49.14,0.17,3.5,3.2,NA
"STOCKTON",-32.90197,151.78427,5,17,26.8,52.8,NA,4.6,304.4,NA,13.9,37.8,NA,NA,0,0.7,2.2,8.04,NA,NA,NA,7
"TAMWORTH",-31.10991,150.9145,405,17,26.5,39.8,NA,2.3,273.3,NA,9.8,19.5,NA,NA,NA,NA,NA,21.38,NA,3.1,3.4,NA
"WALLSEND",-32.89439,151.67021,8,17,27.2,48.6,NA,1.5,298.5,181.8,4.3,18.4,NA,NA,0,0.1,0.5,24.82,0.17,3.2,3.4,NA
"WOLLONGONG",-34.41706,150.88733,15,17,24.1,63.7,0,3.2,186.4,NA,NA,93.9,1.8,NA,0.8,0.4,0.7,41.04,0.38,1.7,2.7,NA
"WYONG",-33.27897,151.43241,3,17,26.8,54.7,0,1.6,306.5,NA,7.6,19.1,0.1,0.1,0.1,1.5,1,19.82,0.18,2.2,2.4,NA
"BERESFIELD",-32.79679,151.66102,14,18,25.4,56.6,NA,1.2,274.5,NA,5.2,25.4,NA,NA,0.1,0.2,1.8,15.37,0.22,1.6,2.8,NA
"BRINGELLY",-33.91765,150.76193,53,18,25.7,35.8,NA,1.4,233.4,23,21.6,-4.2,NA,NA,0,0,0.2,43.28,0.18,3.1,3.4,NA
"CARRINGTON",-32.90972,151.7633,5,18,25.8,54.2,0,2.3,303.8,NA,7.6,28.7,NA,NA,0,0.6,2.1,11.36,NA,NA,NA,NA
"CHULLORA",-33.89157,151.04606,32,18,25.4,53.2,NA,3.2,182.1,13.2,NA,45.4,0.1,0.1,0.1,0.2,1.7,35.43,0.3,2,2.6,NA
"EARLWOOD",-33.91618,151.13579,7,18,24.7,60,NA,1.4,192.4,NA,NA,46.8,NA,NA,NA,0.4,1.7,68.96,0.44,1.9,2.6,NA
"KEMBLA GRANGE",-34.47442,150.81916,5,18,20.5,76.6,NA,4.9,171.5,6.8,-2.3,26.2,NA,NA,NA,0,-0.2,14.34,0.22,2.3,2.9,NA
"LINDFIELD",-33.78113,151.1509,60,18,NA,NA,NA,NA,NA,NA,NA,NA,NA,NA,NA,NA,NA,NA,NA,NA,NA,NA
"LIVERPOOL",-33.9313,150.9073,22,18,25.8,48.3,NA,1.7,195.2,NA,NA,34.8,0,0.1,0,0.1,1.4,38.94,0.26,2.3,2.7,NA
"MAYFIELD",-32.88506,151.72835,5,18,25.5,54.7,NA,1.6,299,14,8,29.1,NA,NA,0,0.1,1.1,19.08,NA,NA,NA,NA
"NEWCASTLE",-32.93118,151.75963,5,18,26,52.5,NA,1.8,316,NA,6.3,25.1,0.3,0.2,0.1,0,1.1,13.33,0.19,2.3,3,NA
"RANDWICK",-33.93178,151.2428,28,18,24.6,60.4,NA,3.9,191.5,NA,NA,66.8,NA,NA,0.1,0,1,65.34,0.32,2.9,3.1,NA
"RICHMOND",-33.61644,150.74735,21,18,25.7,NA,NA,1,260.5,NA,NA,NA,NA,NA,0.1,0,NA,NA,NA,NA,NA,NA
"ROZELLE",-33.86435,151.16393,22,18,24.3,59.8,0,2.8,181.8,3.7,NA,50.8,0.2,0.2,0,0,0.8,30.06,0.28,2.8,3.3,NA
"STOCKTON",-32.90197,151.78427,5,18,26,56.1,NA,4,297.9,NA,15.3,28.7,NA,NA,0,0.5,2.5,6.92,NA,NA,NA,12.9
"TAMWORTH",-31.10991,150.9145,405,18,24.9,42.5,NA,1.2,281.3,NA,8.3,33.3,NA,NA,NA,NA,NA,38.01,NA,2.6,3.2,NA
"WALLSEND",-32.89439,151.67021,8,18,24.9,58.5,NA,0.8,293.2,10.2,7.9,23.9,NA,NA,0.1,0,1,19.37,0.19,2.7,3.1,NA
"WOLLONGONG",-34.41706,150.88733,15,18,21.6,74.6,0,2.6,170.3,NA,NA,38.6,1.6,1.7,0.8,0.4,1,29.5,0.37,1,2.2,NA
"WYONG",-33.27897,151.43241,3,18,24.8,64.1,0,1.6,317.3,NA,7.7,20,0.2,0.1,0.1,0.1,0.8,12,0.19,1.7,2.2,NA
"BERESFIELD",-32.79679,151.66102,14,19,22.6,71.7,NA,0.9,277.4,NA,7.8,34.1,NA,NA,0.1,1.1,2.8,15.29,0.29,0.2,2,NA
"BRINGELLY",-33.91765,150.76193,53,19,21.8,69.2,NA,2.4,130.2,2.6,NA,38.7,NA,NA,-0.1,0.2,0.6,26.97,0.35,2.4,3.2,NA
"CARRINGTON",-32.90972,151.7633,5,19,23.8,63.5,0,1.6,293.2,NA,5.6,27,NA,NA,0,0.3,2.5,15.86,NA,NA,NA,NA
"CHULLORA",-33.89157,151.04606,32,19,21.6,76.7,NA,3.8,165.4,-2.4,5.4,43.7,0.1,0.1,0.1,0.1,0.4,22.14,0.41,2.3,2.5,NA
"EARLWOOD",-33.91618,151.13579,7,19,21.9,77.5,NA,1.6,160.2,NA,15.2,35.6,NA,NA,NA,0,0.5,43.46,0.43,2.4,2.6,NA
"KEMBLA GRANGE",-34.47442,150.81916,5,19,20,73.5,NA,4,166,-0.5,4.3,22.9,NA,NA,NA,0,-0.2,19.1,0.18,2.2,2.6,NA
"LINDFIELD",-33.78113,151.1509,60,19,NA,NA,NA,NA,NA,NA,NA,NA,NA,NA,NA,NA,NA,NA,NA,NA,NA,NA
"LIVERPOOL",-33.9313,150.9073,22,19,21.6,75.8,NA,2.2,140.3,NA,NA,44,0,0.1,0,0,0.6,28.05,0.41,2.2,2.6,NA
"MAYFIELD",-32.88506,151.72835,5,19,23.6,63.6,NA,1.5,280.9,-4.2,6.9,26.1,NA,NA,0,0.7,2.2,17.2,NA,NA,NA,NA
"NEWCASTLE",-32.93118,151.75963,5,19,23.4,64.2,NA,0.5,292.8,NA,9.6,25.3,0.4,0.2,0.1,0.2,2.4,46.65,0.23,0.8,2.4,NA
"RANDWICK",-33.93178,151.2428,28,19,21.7,78.9,NA,5.8,163.4,NA,13.3,39.2,NA,NA,0.1,-0.1,0,15.79,0.42,3.1,3.1,NA
"RICHMOND",-33.61644,150.74735,21,19,22.8,NA,NA,1.8,238.9,NA,NA,NA,NA,NA,0.1,0,NA,NA,NA,NA,NA,NA
"ROZELLE",-33.86435,151.16393,22,19,21.8,77.1,0,5,177.8,-7.4,NA,40.8,0.2,0.2,0,0,0.4,19.22,0.46,2.6,3.2,NA
"STOCKTON",-32.90197,151.78427,5,19,24.4,64.4,NA,2.8,299.8,NA,10.7,30.1,NA,NA,0,0.5,3.3,11.79,NA,NA,NA,12.4
"TAMWORTH",-31.10991,150.9145,405,19,22.1,53.3,NA,0.7,310.9,NA,9,35.6,NA,NA,NA,NA,NA,26.75,NA,1.4,2.6,NA
"WALLSEND",-32.89439,151.67021,8,19,22,71.6,NA,0.6,306.5,-2.2,10.5,25.2,NA,NA,0.1,0.1,1.7,19.04,0.24,1.4,2.6,NA
"WOLLONGONG",-34.41706,150.88733,15,19,21,71.9,0,1.9,196.7,NA,3.7,34.4,1.1,1.6,1.5,0.1,0.6,40.17,0.35,1.3,1.8,NA
"WYONG",-33.27897,151.43241,3,19,22.1,79.7,0,1.3,304.4,NA,7.7,22.2,0.2,0.1,0.1,1.7,1.2,38.38,0.23,0.6,1.8,NA
"BERESFIELD",-32.79679,151.66102,14,20,20.7,83.1,NA,1.2,275.4,NA,9.4,26.7,NA,NA,0.1,1.6,2.1,14.54,0.3,0.1,1.3,NA
"BRINGELLY",-33.91765,150.76193,53,20,19.8,83.9,NA,0.9,147.8,2,-2.3,40.6,NA,NA,0,0,0.2,43.05,0.37,2.2,2.8,NA
"CARRINGTON",-32.90972,151.7633,5,20,23.2,66,0,1.5,305.1,NA,7.3,28.7,NA,NA,0,1.4,3,9.75,NA,NA,NA,NA
"CHULLORA",-33.89157,151.04606,32,20,20.8,77.3,NA,2.4,155.5,-3,9.1,29.7,0,0,0,0,0.4,31.17,0.38,2.1,2.3,NA
"EARLWOOD",-33.91618,151.13579,7,20,21.4,76.4,NA,1.2,143.1,NA,10.7,30,NA,NA,NA,-0.1,0.3,45.91,0.39,2.4,2.4,NA
"KEMBLA GRANGE",-34.47442,150.81916,5,20,19.7,72,NA,2.2,217.3,-0.6,7.2,27.8,NA,NA,NA,0,-0.1,23.2,0.2,2.1,2.3,NA
"LINDFIELD",-33.78113,151.1509,60,20,NA,NA,NA,NA,NA,NA,NA,NA,NA,NA,NA,NA,NA,NA,NA,NA,NA,NA
"LIVERPOOL",-33.9313,150.9073,22,20,20.8,77.2,NA,2.3,129.8,NA,4.7,34.7,0,0,0,0,0.5,23.85,0.4,2.1,2.4,NA
"MAYFIELD",-32.88506,151.72835,5,20,22.1,71.7,NA,0.9,296.4,-3.7,11.5,29.8,NA,NA,0,0.2,2.1,20.18,NA,NA,NA,NA
"NEWCASTLE",-32.93118,151.75963,5,20,22.2,70.3,NA,0.4,256.5,NA,9.4,27.4,0.5,0.3,0.1,0.4,2.9,57.93,0.32,0.2,1.7,NA
"RANDWICK",-33.93178,151.2428,28,20,21.2,75.8,NA,4.9,152.6,NA,15.6,29.3,NA,NA,0,-0.1,-0.1,15.62,0.37,2.9,3.1,NA
"RICHMOND",-33.61644,150.74735,21,20,21.1,NA,NA,2,136.6,NA,NA,NA,NA,NA,0.1,0,NA,NA,NA,NA,NA,NA
"ROZELLE",-33.86435,151.16393,22,20,21.3,75.9,0,3.4,167,-8,12.2,30.1,0.2,0.2,0,0,0.4,23.53,0.44,2.3,2.8,NA
"STOCKTON",-32.90197,151.78427,5,20,23.5,69.1,NA,3.3,299.7,NA,11.6,42.7,NA,NA,0.1,1.2,3.1,9.77,NA,NA,NA,15.5
"TAMWORTH",-31.10991,150.9145,405,20,20.9,57.1,NA,0.9,320.3,NA,7.5,43.2,NA,NA,NA,NA,NA,16.47,NA,1.3,2.1,NA
"WALLSEND",-32.89439,151.67021,8,20,21.7,70,NA,0.7,278.7,-2.4,14.4,17.9,NA,NA,0.1,0.1,1.7,24.27,0.27,1.4,2.2,NA
"WOLLONGONG",-34.41706,150.88733,15,20,20.5,71.3,0,1.7,223.4,NA,6.6,28.6,0.7,1.5,0.2,0,-0.1,31.44,0.3,1.9,1.5,NA
"WYONG",-33.27897,151.43241,3,20,22,78.6,0,4.7,196.8,NA,10.9,30.5,0.1,0.1,0,0.8,0.6,31.57,0.36,2.1,1.7,NA
"BERESFIELD",-32.79679,151.66102,14,21,21,77.2,NA,1.8,219.9,NA,7.9,21,NA,NA,0.1,0.4,1.2,43.86,0.28,1.1,0.8,NA
"BRINGELLY",-33.91765,150.76193,53,21,18.6,89.1,NA,0.7,205.8,4.1,7,28.9,NA,NA,0,0,0.1,32.42,0.35,1.9,2.4,NA
"CARRINGTON",-32.90972,151.7633,5,21,23.1,68.1,0,2.7,215.8,NA,11.7,50.5,NA,NA,0,1.2,1.4,42.62,NA,NA,NA,NA
"CHULLORA",-33.89157,151.04606,32,21,20.5,74.7,NA,2,146.7,-2.5,9.3,26.4,0,0,0,0,0.2,26.1,0.35,2.3,2.2,NA
"EARLWOOD",-33.91618,151.13579,7,21,21,74.3,NA,1,144.8,NA,12,28.1,NA,NA,NA,-0.1,0.2,43.86,0.36,2.4,2.3,NA
"KEMBLA GRANGE",-34.47442,150.81916,5,21,19.3,72.4,NA,1.6,239,-0.7,10.9,27.5,NA,NA,NA,0,-0.1,24.14,0.2,1.9,2.1,NA
"LINDFIELD",-33.78113,151.1509,60,21,NA,NA,NA,NA,NA,NA,NA,NA,NA,NA,NA,NA,NA,NA,NA,NA,NA,NA
"LIVERPOOL",-33.9313,150.9073,22,21,20.2,77.3,NA,1.1,140,NA,5,32.4,-0.1,0,0,0,0.5,36.68,0.38,2,2.2,NA
"MAYFIELD",-32.88506,151.72835,5,21,22.2,72.8,NA,3.2,211.7,-3.9,14.9,42.5,NA,NA,0,0.2,1.2,64.57,NA,NA,NA,NA
"NEWCASTLE",-32.93118,151.75963,5,21,22.9,69.6,NA,2.3,204.9,NA,24.4,46.4,0.3,0.3,0.1,0,1,42.68,0.35,2.1,1.4,NA
"RANDWICK",-33.93178,151.2428,28,21,20.9,73.3,NA,4.1,146.2,NA,8.7,32.1,NA,NA,0,0,-0.1,15.54,0.36,2.8,2.9,NA
"RICHMOND",-33.61644,150.74735,21,21,20.3,NA,NA,1.4,205.4,NA,NA,NA,NA,NA,0,0,NA,NA,NA,NA,NA,NA
"ROZELLE",-33.86435,151.16393,22,21,20.8,74,0,2.5,169.7,-8,9.6,27,0.2,0.2,0,0,0.3,25.71,0.41,2.4,2.5,NA
"STOCKTON",-32.90197,151.78427,5,21,23.1,71.7,NA,3.9,226.1,NA,11.7,35.6,NA,NA,0.1,0.8,1.6,42.45,NA,NA,NA,12.3
"TAMWORTH",-31.10991,150.9145,405,21,20.3,58.4,NA,0.7,308.9,NA,7.6,29.3,NA,NA,NA,NA,NA,18.07,NA,1.4,1.7,NA
"WALLSEND",-32.89439,151.67021,8,21,22.4,66.5,NA,2.1,220.9,-3.5,14.1,38.5,NA,NA,0.5,0.1,1.2,31.24,0.3,1.7,1.8,NA
"WOLLONGONG",-34.41706,150.88733,15,21,20.2,70,0,1.5,224.1,NA,6.3,25,0.6,1.3,0,NA,NA,33.59,0.27,2.1,1.6,NA
"WYONG",-33.27897,151.43241,3,21,22,80.5,0,3.9,172.8,NA,13.8,36.9,0.1,0.1,0,0,-0.1,15.84,0.48,3.1,1.9,NA
"BERESFIELD",-32.79679,151.66102,14,22,21.6,83.8,NA,2.9,170.1,NA,0.4,43.7,NA,NA,0.2,0.1,0.4,22.82,0.51,2.6,1,NA
"BRINGELLY",-33.91765,150.76193,53,22,18.7,86.7,NA,0.6,201.6,4.2,11.3,24.4,NA,NA,0.1,0,0.1,24.37,0.34,1.9,2.1,NA
"CARRINGTON",-32.90972,151.7633,5,22,22.4,80,0,5.4,172.7,NA,12,46.6,NA,NA,0,0,-0.1,15.96,NA,NA,NA,NA
"CHULLORA",-33.89157,151.04606,32,22,20.4,72.7,NA,2,162.6,-2.1,7.9,27.6,0,0,0,0,0.2,20.63,0.34,2.1,2.2,NA
"EARLWOOD",-33.91618,151.13579,7,22,20.9,72.5,NA,0.8,160.8,NA,11.8,28.5,NA,NA,NA,-0.1,0.2,49.88,0.35,2.3,2.4,NA
"KEMBLA GRANGE",-34.47442,150.81916,5,22,18.9,74.2,NA,1.4,257.6,-1,11,28.7,NA,NA,NA,0,-0.2,7.32,0.2,1.8,2,NA
"LINDFIELD",-33.78113,151.1509,60,22,NA,NA,NA,NA,NA,NA,NA,NA,NA,NA,NA,NA,NA,NA,NA,NA,NA,NA
"LIVERPOOL",-33.9313,150.9073,22,22,19.9,76.9,NA,0.6,198.6,NA,7.7,28.5,-0.1,0,0,0,0.5,31.73,0.36,1.8,2,NA
"MAYFIELD",-32.88506,151.72835,5,22,22.2,81.8,NA,5,167.8,-2.6,28.7,50.9,NA,NA,0,0,0,19.01,NA,NA,NA,NA
"NEWCASTLE",-32.93118,151.75963,5,22,22.4,81.3,NA,3.2,172.4,NA,21,40.3,0.2,0.3,0,0,-0.1,24.74,0.55,3.1,1.6,NA
"RANDWICK",-33.93178,151.2428,28,22,20.8,71.5,NA,3.1,149.3,NA,0,31.2,NA,NA,0.1,0,-0.1,17.61,0.35,2.7,2.9,NA
"RICHMOND",-33.61644,150.74735,21,22,20.2,NA,NA,1.3,188.1,NA,NA,NA,NA,NA,0,0,NA,NA,NA,NA,NA,NA
"ROZELLE",-33.86435,151.16393,22,22,20.8,72.3,0,1.8,168.4,-7.7,5.5,31.1,0.2,0.2,0.1,0,0.5,27.05,0.41,2,2.3,NA
"STOCKTON",-32.90197,151.78427,5,22,22.4,83,NA,6.4,171.4,NA,17.3,39.8,NA,NA,0,0,0.1,14.62,NA,NA,NA,7.2
"TAMWORTH",-31.10991,150.9145,405,22,19.4,62,NA,0.2,283.1,NA,7.2,26.6,NA,NA,NA,NA,NA,93.66,NA,1.3,1.4,NA
"WALLSEND",-32.89439,151.67021,8,22,22,81.5,NA,2.3,185.2,-2.6,8.1,37.8,NA,NA,0.1,0,0.1,28.77,0.53,3.1,1.9,NA
"WOLLONGONG",-34.41706,150.88733,15,22,19.9,69.8,0,1.4,230.4,NA,6.9,25.7,0.5,1.2,0,0,-0.2,26.04,0.26,1.9,1.8,NA
"WYONG",-33.27897,151.43241,3,22,21.6,79,0,2.9,165.8,NA,12.3,31.7,0,0.1,0,0,-0.1,15.54,0.45,2.8,2.1,NA
"BERESFIELD",-32.79679,151.66102,14,23,21,86.4,NA,2.3,157.6,NA,3.1,29.5,NA,NA,0,0.1,0.2,16.54,0.5,2.3,1.5,NA
"BRINGELLY",-33.91765,150.76193,53,23,18.5,87.5,NA,0.1,204.4,4.4,11.8,23.2,NA,NA,0.1,0,0.2,99.21,0.35,1.6,1.9,NA
"CARRINGTON",-32.90972,151.7633,5,23,21.8,78.3,0,4.5,162.1,NA,8.5,30.4,NA,NA,0,0,-0.1,14.97,NA,NA,NA,NA
"CHULLORA",-33.89157,151.04606,32,23,20.2,72.3,NA,1.7,171.4,-2.2,8.2,27.9,0,0,0,0,0.3,18.59,0.34,2,2.1,NA
"EARLWOOD",-33.91618,151.13579,7,23,20.7,71.3,NA,0.6,168.5,NA,10.2,29.5,NA,NA,NA,-0.1,0.3,49.16,0.36,2.2,2.3,NA
"KEMBLA GRANGE",-34.47442,150.81916,5,23,18.1,79.1,NA,1.6,273.5,-1.9,7.5,27.6,NA,NA,NA,0,0,7.8,0.21,1.3,1.8,NA
"LINDFIELD",-33.78113,151.1509,60,23,NA,NA,NA,NA,NA,NA,NA,NA,NA,NA,NA,NA,NA,NA,NA,NA,NA,NA
"LIVERPOOL",-33.9313,150.9073,22,23,19.7,76.7,NA,0.7,205.9,NA,8.7,26.8,0,0,0,0,0.7,23.93,0.34,1.6,1.9,NA
"MAYFIELD",-32.88506,151.72835,5,23,21.6,80.5,NA,3.8,153.8,-2.4,20.5,34.8,NA,NA,0,-0.1,-0.1,21.12,NA,NA,NA,NA
"NEWCASTLE",-32.93118,151.75963,5,23,21.8,79.6,NA,3.7,159.8,NA,14.9,34.3,0.2,0.3,0,0,-0.1,20.88,0.5,2.8,2,NA
"RANDWICK",-33.93178,151.2428,28,23,20.4,72.1,NA,2.4,162.4,NA,-0.8,31.5,NA,NA,0,-0.1,-0.1,19.22,0.35,2.7,2.8,NA
"RICHMOND",-33.61644,150.74735,21,23,19.4,NA,NA,0.8,202,NA,NA,NA,NA,NA,0,0,NA,NA,NA,NA,NA,NA
"ROZELLE",-33.86435,151.16393,22,23,20.6,71,0,2.2,182.5,-7.7,7.6,28.8,0.2,0.2,0,0,0.4,17.67,0.4,2.1,2.2,NA
"STOCKTON",-32.90197,151.78427,5,23,21.7,82,NA,5.1,161.2,NA,16.3,39.2,NA,NA,0,0,0,13.23,NA,NA,NA,4.4
"TAMWORTH",-31.10991,150.9145,405,23,16.9,74.5,NA,0.7,138.6,NA,7.6,38,NA,NA,NA,NA,NA,23.46,NA,0.5,1.1,NA
"WALLSEND",-32.89439,151.67021,8,23,21.3,81.3,NA,2.2,170.7,-2.6,12.5,28,NA,NA,0,0,0,26.7,0.48,2.7,2.2,NA
"WOLLONGONG",-34.41706,150.88733,15,23,19.3,71.8,0,1.1,244,NA,4.5,25.4,0.5,1,0,0,-0.1,20.54,0.27,1.7,1.9,NA
"WYONG",-33.27897,151.43241,3,23,21.2,78.4,0,2.3,175.7,NA,9.2,32.7,0,0.1,0,0,-0.1,18.63,0.42,2.7,2.7,NA
"BERESFIELD",-32.79679,151.66102,14,24,20.4,86.1,NA,1.4,156,NA,7.1,25.1,NA,NA,0,0,0.1,21.44,0.47,2.3,2.1,NA
"BRINGELLY",-33.91765,150.76193,53,24,17.6,91.2,NA,0.3,195.8,2.7,8.7,18.8,NA,NA,0.1,0,0.2,54.24,0.33,1.3,1.7,NA
"CARRINGTON",-32.90972,151.7633,5,24,21.6,76.5,0,3.8,162.4,NA,11.2,30.2,NA,NA,0,0,-0.1,16.09,NA,NA,NA,NA
"CHULLORA",-33.89157,151.04606,32,24,19.8,72.5,NA,0.9,173.6,-2.2,9,27.2,0,0,0,0,0.5,28.36,0.35,1.7,2,NA
"EARLWOOD",-33.91618,151.13579,7,24,20.2,71.3,NA,0.4,160.3,NA,4.6,28.8,NA,NA,NA,-0.1,0.2,51.09,0.34,2.2,2.3,NA
"KEMBLA GRANGE",-34.47442,150.81916,5,24,16.6,85.7,NA,0.9,266.6,-2.8,8.1,18.2,NA,NA,NA,0,0,40.59,0.2,1,1.5,NA
"LINDFIELD",-33.78113,151.1509,60,24,NA,NA,NA,NA,NA,NA,NA,NA,NA,NA,NA,NA,NA,NA,NA,NA,NA,NA
"LIVERPOOL",-33.9313,150.9073,22,24,19,78.3,NA,0.5,202.9,NA,12.5,25.3,0,0,0,0,0.7,17.43,0.34,1.5,1.7,NA
"MAYFIELD",-32.88506,151.72835,5,24,21.2,79.3,NA,2.9,147.3,-2.9,10.1,32.4,NA,NA,0,0,-0.1,21.24,NA,NA,NA,NA
"NEWCASTLE",-32.93118,151.75963,5,24,21.6,77.9,NA,2.9,162,NA,17.5,34.4,0.2,0.3,0,0,-0.2,21.48,0.47,2.7,2.7,NA
"RANDWICK",-33.93178,151.2428,28,24,20.1,71.2,NA,1.9,151.1,NA,1.9,32.1,NA,NA,0,-0.1,-0.1,17.86,0.35,2.6,2.7,NA
"RICHMOND",-33.61644,150.74735,21,24,18.4,NA,NA,0.7,228.5,NA,NA,NA,NA,NA,0,0,NA,NA,NA,NA,NA,NA
"ROZELLE",-33.86435,151.16393,22,24,20.2,70.3,0,1.1,177.3,-7.7,8,29.7,0.2,0.2,0,0,0.5,23.47,0.39,2,2.1,NA
"STOCKTON",-32.90197,151.78427,5,24,21.4,80.3,NA,4.2,159,NA,13.4,41,NA,NA,0,0,0,13.23,NA,NA,NA,3.1
"TAMWORTH",-31.10991,150.9145,405,24,16.3,77.3,NA,0.8,135.1,NA,9.4,35.9,NA,NA,NA,NA,NA,25.44,NA,0.6,1,NA
"WALLSEND",-32.89439,151.67021,8,24,20.7,81.2,NA,1.8,161.4,-2.7,13.5,25.5,NA,NA,0,0,0,20.83,0.44,2.5,2.5,NA
"WOLLONGONG",-34.41706,150.88733,15,24,18.6,74.9,0,0.8,246.4,NA,12.1,22.2,0.4,0.9,0,0,-0.1,20.17,0.27,1.4,1.8,NA
"WYONG",-33.27897,151.43241,3,24,20,84.3,0,1,198.9,NA,6.9,27.6,0,0.1,0,0,0,50.49,0.41,2.2,2.7,NA
