,NSW air quality monitoring (AQMN) site,AQMN Region,"Sub-region,where applicable",Site address,"Latitude
(South)","Longitude
(East)",Altitude (ahd),Commissioned,Status,Station type,Timezone of site location,Timezone observations reported in,Station Movement (m),PM10,PM2.5,TSP (indicative),NO/NO2/NOx,SO2,O3,NEPH,CO,NH3,WSP/WD/SD1,TEMP/RH,SOLAR,PRECIPITATION,Black Carbon,Web link to station meta data page
,Upper Hunter,,,,,,,,,,,,,,,,,,,,,,,,,,,https://www.environment.nsw.gov.au/topics/air/monitoring-air-quality/upper-hunter
,Aberdeen ,Upper Hunter,,"Abercairney Terrace, Aberdeen ",-32.17734,150.88416,177,2011,Active,Standard - Australian Standards Methods,Australian Eastern Standard Time (AEST),Australian Eastern Standard Time (AEST),,ü,,,,,,,,,ü,ü,,ü,,https://www.environment.nsw.gov.au/topics/air/monitoring-air-quality/upper-hunter/monitoring-stations/bulga
,Bulga,Upper Hunter,,1893 Putty Rd,-32.64871,151.03602,67,2011,Active,Standard - Australian Standards Methods,Australian Eastern Standard Time (AEST),Australian Eastern Standard Time (AEST),,ü,,,,,,,,,ü,ü,,ü,,https://www.environment.nsw.gov.au/topics/air/monitoring-air-quality/upper-hunter/monitoring-stations/camberwell
,Camberwell,Upper Hunter,,Dulwich Place and McInerneys Rd,-32.47233,151.09180,82,2011,Active,Standard - Australian Standards Methods,Australian Eastern Standard Time (AEST),Australian Eastern Standard Time (AEST),,ü,ü,,,,,,,,ü,ü,,ü,,https://www.environment.nsw.gov.au/topics/air/monitoring-air-quality/upper-hunter/monitoring-stations/maison-dieu
,Jerrys Plains,Upper Hunter,,"Coolmore Stud, Jerrys Plains Rd",-32.47682,150.88015,87,2011,Active,Standard - Australian Standards Methods,Australian Eastern Standard Time (AEST),Australian Eastern Standard Time (AEST),,ü,,,,,,,,,ü,ü,,,,https://www.environment.nsw.gov.au/topics/air/monitoring-air-quality/upper-hunter/monitoring-stations/mt-thorley
,Maison Dieu,Upper Hunter,,Maison Dieu Rd,-32.52497,151.06190,65,2011,Active,Standard - Australian Standards Methods,Australian Eastern Standard Time (AEST),Australian Eastern Standard Time (AEST),,ü,,,,,,,,,ü,ü,,,,https://www.environment.nsw.gov.au/topics/air/monitoring-air-quality/upper-hunter/monitoring-stations/aberdeen
,Merriwa,Upper Hunter,,"Lot 3, Merriwa Scone Rd",-32.12578,150.45930,406,2012,Active,Standard - Australian Standards Methods,Australian Eastern Standard Time (AEST),Australian Eastern Standard Time (AEST),,ü,ü,,ü,ü,ü,ü,ü,,ü,ü,,ü,ü,https://www.environment.nsw.gov.au/topics/air/monitoring-air-quality/upper-hunter/monitoring-stations/jerrys-plains
,Mount Thorley,Upper Hunter,,154 Broke Rd,-32.63595,151.12813,74,2011,Active,Standard - Australian Standards Methods,Australian Eastern Standard Time (AEST),Australian Eastern Standard Time (AEST),,ü,,,,,,,,,ü,ü,,,,https://www.environment.nsw.gov.au/topics/air/monitoring-air-quality/upper-hunter/monitoring-stations/merriwa
,Muswellbrook,Upper Hunter,,Bowman Park,-32.27159,150.88593,145,2010,Active,Standard - Australian Standards Methods,Australian Eastern Standard Time (AEST),Australian Eastern Standard Time (AEST),,ü,ü,,ü,ü,,,,,ü,ü,,ü,,https://www.environment.nsw.gov.au/topics/air/monitoring-air-quality/upper-hunter/monitoring-stations/muswellbrook
,Muswellbrook NW ,Upper Hunter,,Cnr Wybong Rd and Kayuga Rd,-32.25322,150.88125,143,2011,Active,Standard - Australian Standards Methods,Australian Eastern Standard Time (AEST),Australian Eastern Standard Time (AEST),,ü,,,,,,,,,ü,ü,,,,https://www.environment.nsw.gov.au/topics/air/monitoring-air-quality/upper-hunter/monitoring-stations/muswellbrook-north-west
,Singleton,Upper Hunter,,Civic Avenue,-32.55748,151.17688,42,2010,Active,Standard - Australian Standards Methods,Australian Eastern Standard Time (AEST),Australian Eastern Standard Time (AEST),,ü,ü,,ü,ü,,,,,ü,ü,,ü,,https://www.environment.nsw.gov.au/topics/air/monitoring-air-quality/upper-hunter/monitoring-stations/singleton
,Singleton NW,Upper Hunter,,Near Rixs Creek Coal Mine,-32.52980,151.15008,123,2011 ,Active,Standard - Australian Standards Methods,Australian Eastern Standard Time (AEST),Australian Eastern Standard Time (AEST),,ü,,,,,,,,,ü,ü,,,,https://www.environment.nsw.gov.au/topics/air/monitoring-air-quality/upper-hunter/monitoring-stations/singleton-north-west
,Singleton South,Upper Hunter,,"Haggarty's Lane, Whittingham",-32.58692,151.20900,39,2011 ,Active,Standard - Australian Standards Methods,Australian Eastern Standard Time (AEST),Australian Eastern Standard Time (AEST),,ü,,,,,,,,,ü,ü,,,,https://www.environment.nsw.gov.au/topics/air/monitoring-air-quality/upper-hunter/monitoring-stations/singleton-south
,Warkworth,Upper Hunter,,"Warkworth, nr St Phillips Church",-32.57401,151.02721,60,2011 ,Active,Standard - Australian Standards Methods,Australian Eastern Standard Time (AEST),Australian Eastern Standard Time (AEST),,ü,,,,,,,,,ü,ü,,ü,,https://www.environment.nsw.gov.au/topics/air/monitoring-air-quality/upper-hunter/monitoring-stations/warkworth
,Wybong,Upper Hunter,,"St Marks Church, Ridgelands Rd ",-32.19505,150.67351,190,2011 ,Active,Standard - Australian Standards Methods,Australian Eastern Standard Time (AEST),Australian Eastern Standard Time (AEST),,ü,,,,,,,,,ü,ü,,,,https://www.environment.nsw.gov.au/topics/air/monitoring-air-quality/upper-hunter/monitoring-stations/wybong
,Lower Hunter,,,,,,,,,,,,,,,,,,,,,,,,,,,https://www.environment.nsw.gov.au/topics/air/monitoring-air-quality/lower-hunter-and-central-coast
,Beresfield,Lower Hunter,Lower Hunter,Francis Greenway High School,-32.79679,151.66102,14,1993,Active,Standard - Australian Standards Methods,Australian Eastern Standard Time (AEST),Australian Eastern Standard Time (AEST),,ü,ü,,ü,ü,ü,ü,,,ü,ü,,,,https://www.environment.nsw.gov.au/topics/air/monitoring-air-quality/lower-hunter-and-central-coast/monitoring-stations/beresfield
,Carrington,Lower Hunter,Newcastle Local,Hargrave St & Garrett St,-32.90972,151.76330,5,2014,Active,Standard - Australian Standards Methods,Australian Eastern Standard Time (AEST),Australian Eastern Standard Time (AEST),,ü,ü,,ü,ü,,,,,ü,ü,,ü,,https://www.environment.nsw.gov.au/topics/air/monitoring-air-quality/lower-hunter-and-central-coast/monitoring-stations/carrington
,Mayfield,Lower Hunter,Newcastle Local,Murray Dwyer Circuit,-32.88506,151.72835,5,2014,Active,Standard - Australian Standards Methods,Australian Eastern Standard Time (AEST),Australian Eastern Standard Time (AEST),,ü,ü,,ü,ü,,,,,ü,ü,ü,,,https://www.environment.nsw.gov.au/topics/air/monitoring-air-quality/lower-hunter-and-central-coast/monitoring-stations/mayfield
,Newcastle,Lower Hunter,Lower Hunter,"Fearnley Dawes Athletics Park, Newcastle West",-32.93118,151.75963,5,1992,Active,Standard - Australian Standards Methods,Australian Eastern Standard Time (AEST),Australian Eastern Standard Time (AEST),,ü,ü,,ü,ü,ü,ü,ü,,ü,ü,,,ü,https://www.environment.nsw.gov.au/topics/air/monitoring-air-quality/lower-hunter-and-central-coast/monitoring-stations/newcastle
,Stockton,Lower Hunter,Newcastle Local,Fullerton St Park,-32.90197,151.78427,5,2014,Active,Standard - Australian Standards Methods,Australian Eastern Standard Time (AEST),Australian Eastern Standard Time (AEST),,ü,ü,,ü,ü,,,,ü,ü,ü,,,,https://www.environment.nsw.gov.au/topics/air/monitoring-air-quality/lower-hunter-and-central-coast/monitoring-stations/stockton
,Wallsend,Lower Hunter,Lower Hunter,Swimming Pool,-32.89439,151.67021,8,1992,Active,Standard - Australian Standards Methods,Australian Eastern Standard Time (AEST),Australian Eastern Standard Time (AEST),,ü,ü,,ü,ü,ü,ü,,,ü,ü,ü,,,https://www.environment.nsw.gov.au/topics/air/monitoring-air-quality/lower-hunter-and-central-coast/monitoring-stations/wallsend
,Central Coast and Lake Macquarie,,,,,,,,,,,,,,,,,,,,,,,,,,,
,Morisset,Central Coast & Lake Macquarie,Lake Macquarie,"72 Fishery Point Road, Mirrabooka",-33.10805,151.55254,51,2020,Active,Standard - Australian Standards Methods,Australian Eastern Standard Time (AEST),Australian Eastern Standard Time (AEST),,ü,ü,,ü,ü,ü,ü,ü,,ü,ü,,ü,ü,Not available
,Wyong,Central Coast & Lake Macquarie,Central Coast,Wyong Racecourse ,-33.27897,151.43241,3,2012,Active,Standard - Australian Standards Methods,Australian Eastern Standard Time (AEST),Australian Eastern Standard Time (AEST),,ü,ü,,ü,ü,ü,ü,ü,,ü,ü,,,,https://www.environment.nsw.gov.au/topics/air/monitoring-air-quality/lower-hunter-and-central-coast/monitoring-stations/wyong
,Illawarra,,,,,,,,,,,,,,,,,,,,,,,,,,,https://www.environment.nsw.gov.au/topics/air/monitoring-air-quality/illawarra
,Albion Park,Illawarra,,Croom Rd,-34.57964,150.79004,5,1997,Decommissioned (2005),Standard - Australian Standards Methods,Australian Eastern Standard Time (AEST),Australian Eastern Standard Time (AEST),,ü,,,ü,,ü,ü,,,,,,,,Not available
,Albion Park Rail,Illawarra,,Aerodrome,-34.55700,150.78952,5,1978,Decommissioned (1997),Standard - Australian Standards Methods,Australian Eastern Standard Time (AEST),Australian Eastern Standard Time (AEST),,,,,ü,ü,ü,ü,,,ü,ü,,,,Not available
,Albion Park South,Illawarra,,Terry Reserve,-34.57780,150.78244,13,2005,Active,Standard - Australian Standards Methods,Australian Eastern Standard Time (AEST),Australian Eastern Standard Time (AEST),,ü,ü,,ü,ü,ü,ü,,,ü,ü,,,,https://www.environment.nsw.gov.au/topics/air/monitoring-air-quality/illawarra/monitoring-stations/albion-park-south
,Kembla Grange,Illawarra,,Kembla Grange Racecourse,-34.47442,150.81916,5,1994,Active,Standard - Australian Standards Methods,Australian Eastern Standard Time (AEST),Australian Eastern Standard Time (AEST),,ü,ü,,ü,,ü,ü,,,ü,ü,ü,,,https://www.environment.nsw.gov.au/topics/air/monitoring-air-quality/illawarra/monitoring-stations/kembla-grange
,Warrawong,Illawarra,,Carlotta Cres,-34.48973,150.89216,9,1993,Decommissioned (2006),Standard - Australian Standards Methods,Australian Eastern Standard Time (AEST),Australian Eastern Standard Time (AEST),,ü,ü,,ü,ü,ü,ü,,,,,,,,Not available
,Wollongong,Illawarra,,Gipps St,-34.41706,150.88733,15,1993,Active,Standard - Australian Standards Methods,Australian Eastern Standard Time (AEST),Australian Eastern Standard Time (AEST),,ü,ü,,ü,ü,ü,ü,ü,,ü,ü,,ü,ü,https://www.environment.nsw.gov.au/topics/air/monitoring-air-quality/illawarra/monitoring-stations/wollongong
,Roadside Monitoring,,,,,,,,,,,,,,,,,,,,,,,,,,,Not available
,Bradfield Highway,Roadside,Sydney east,Between Bradfield Highway and Cahill Expressway,-33.84343,151.21142,36,2018,Active,Standard - Australian Standards Methods,Australian Eastern Standard Time (AEST),Australian Eastern Standard Time (AEST),,ü,ü,,ü,ü,ü,,ü,,,ü,,,ü,https://www.environment.nsw.gov.au/topics/air/monitoring-air-quality/special-projects-monitoring/monitoring-stations/bradfield-highway
,Research Monitoring,,,,,,,,,,,,,,,,,,,,,,,,,,,Not available
,Cataract RFS (2019-20),Research Monitoring,Illawarra,Cataract Scout Park,-34.24479,150.82352,56,2019,Decommissioned (2020),Standard - Australian Standards Methods,Australian Eastern Standard Time (AEST),Australian Eastern Standard Time (AEST),,ü,ü,,ü,ü,ü,ü,ü,,ü,ü,,,,Not available
,Katoomba,Research Monitoring,Blue Mountains,Valley Rd,-33.71028,150.29959,1046,2019,Decommissioned (2020),Standard - Australian Standards Methods,Australian Eastern Standard Time (AEST),Australian Eastern Standard Time (AEST),,ü,ü,,ü,ü,ü,ü,ü,,ü,ü,,,,Not available
,Kurrajong Heights,Research Monitoring,Sydney north west,Bells Line of Road,-33.52106,150.62842,350,2000,Decommissioned (2003),Standard - Australian Standards Methods,Australian Eastern Standard Time (AEST),Australian Eastern Standard Time (AEST),,,,,ü,ü,ü,,,,ü,ü,,,,Not available
,Liverpool SWAQS,Research Monitoring,Sydney south west,"Liverpool Girl High School, Forbes Street",-33.91889,150.93252,12,2019,Decommissioned (2020),Standard - Australian Standards Methods,Australian Eastern Standard Time (AEST),Australian Eastern Standard Time (AEST),,ü,ü,,ü,ü,ü,ü,ü,,ü,ü,,,,Not available
,Port Kembla (2002; 2014-15),Research Monitoring,Illawarra,Blaxland Ave and Flagstaff Rd,-34.47964,150.88170,59,2002,Decommissioned (2015),Standard - Australian Standards Methods,Australian Eastern Standard Time (AEST),Australian Eastern Standard Time (AEST),,ü,ü,,ü,,,,,,ü,ü,,,,Not available
,Port Kembla Steelworks (2020),Research Monitoring,Illawarra,Flagstaff Road,-34.47892,150.87785,59,2020,Decommissioned (2020),Standard - Australian Standards Methods,Australian Eastern Standard Time (AEST),Australian Eastern Standard Time (AEST),,ü,ü,,ü,ü,ü,ü,ü,,ü,ü,,,,Not available
,Wentworth Falls,Research Monitoring,Blue Mountains,Bodington Drive,-33.73277,150.38888,187,1998,Decommissioned (1999),Standard - Australian Standards Methods,Australian Eastern Standard Time (AEST),Australian Eastern Standard Time (AEST),,ü,,,ü,,ü,ü,,,ü,ü,,,,Not available
,Bushfire Emergency 2019-2020,,,,,,,,,,,,,,,,,,,,,,,,,,,
,Batemans Bay,Bushfire Emergency,South East LLS,"Catalina Country Club, Beach Road",-35.72340,150.18720,83,2019,Decommissioned (2020),Indicative,Australian Eastern Standard Time (AEST),Australian Eastern Standard Time (AEST),,ü,ü,ü,,,,,,,,,,,,Looking for suitable site - not available yet
,Coffs Harbour,Bushfire Emergency,Mid-north Coast,"City Centre, Park off Duke St near Carralls Gully",-30.29831,153.11808,21,2019,Transitioned to long-term site; see Mid-north Coast region,Standard - Australian Standards Methods,Australian Eastern Standard Time (AEST),Australian Eastern Standard Time (AEST),,ü,ü,,ü,,ü,ü,ü,,ü,ü,,,,Looking for suitable site - not available yet
,Coffs Harbour,Bushfire Emergency,North Coast LLS,"City Centre, Park off Duke St near Carralls Gully",-30.29831,153.11808,21,2019,Decommissioned (2020),Indicative,Australian Eastern Standard Time (AEST),Australian Eastern Standard Time (AEST),,ü,ü,ü,,,,,,,,,,,,Not available
,Cooma,Bushfire Emergency,South East LLS,"Snowy Hydro Discover Centre carpark, Monaro Highway",-36.22260,149.13310,925,2020,Transitioned to long-term site; see South East LLS region,Indicative,Australian Eastern Standard Time (AEST),Australian Eastern Standard Time (AEST),,ü,ü,ü,,,,,,,,,,,,Not available
,Grafton,Bushfire Emergency,North Coast LLS,Grafton Primary Industries Institute ,-29.62069,152.96331,35,2019,Transitioned to long-term site; see North Coast LLS region,Indicative,Australian Eastern Standard Time (AEST),Australian Eastern Standard Time (AEST),,ü,ü,ü,,,,,,,,,,,,New site - not available yet
,Lismore,Bushfire Emergency,North Coast LLS,"Wilson Park School, Wyrallah Road",-28.83213,153.29350,12,2019,Standard site decommissioned (2020). Site transitioned to long-term indicative site; see North Coast LLS region,Standard - Australian Standards Methods,Australian Eastern Standard Time (AEST),Australian Eastern Standard Time (AEST),,ü,ü,,,,,,,,,,,,,New site - not available yet
,Merimbula,Bushfire Emergency,South East LLS,Merimbula Airport,-36.90775,149.89893,6,2020,Transitioned to long-term site; see South East LLS region,Indicative,Australian Eastern Standard Time (AEST),Australian Eastern Standard Time (AEST),,ü,ü,ü,,,,,,,,,,,,Not available
,Port Macquarie,Bushfire Emergency,Mid-north Coast,10 Sherwood Road,-31.44776,152.87653,73,2019,Transitioned to long-term site; see Mid-north Coast region,Standard - Australian Standards Methods,Australian Eastern Standard Time (AEST),Australian Eastern Standard Time (AEST),"Originally at 7 Sherwood Road: -31.4485, 152.876707. Moved to current location on 4/10/2019",ü,ü,,ü,ü,ü,ü,ü,,ü,ü,,,,Not available
,Taree,Bushfire Emergency,Hunter LLS,Taree Airport,-31.88944,152.50861,24,2019,Decommissioned (2020),Indicative,Australian Eastern Standard Time (AEST),Australian Eastern Standard Time (AEST),,ü,ü,ü,,,,,,,,,,,,New site - not available yet
,Ulladulla,Bushfire Emergency,South East LLS,"Light House Oval, Deering St",-35.36350,150.48280,15,2019,Decommissioned (2020),Indicative,Australian Eastern Standard Time (AEST),Australian Eastern Standard Time (AEST),,ü,ü,ü,,,,,,,,,,,,New site - not available yet
,Regional NSW,,,,,,,,,,,,,,,,,,,,,,,,,,,
,Albury,Rural and regional NSW,South west slopes,Jelbart Park,-36.05183,146.93980,182,2000,Active,Standard - Australian Standards Methods,Australian Eastern Standard Time (AEST),Australian Eastern Standard Time (AEST),250,ü,ü,,,,ü,,,,ü,ü,,,,https://www.environment.nsw.gov.au/topics/air/monitoring-air-quality/regional-and-rural-nsw/regional-monitoring-stations/albury
,Armidale,Rural and regional NSW,Northern Tablelands ,Kirkwood Street,-30.50845,151.66166,982,2018,Active,Standard - Australian Standards Methods,Australian Eastern Standard Time (AEST),Australian Eastern Standard Time (AEST),,ü,ü,,,,,ü,,,ü,ü,,ü,ü,https://www.environment.nsw.gov.au/topics/air/monitoring-air-quality/regional-and-rural-nsw/regional-monitoring-stations/armidale
,Bathurst,Rural and regional NSW,Central Tablelands,Sewage Treatment Plant,-33.40192,149.57459,625,2000,Active,Standard - Australian Standards Methods,Australian Eastern Standard Time (AEST),Australian Eastern Standard Time (AEST),,ü,ü,,,,ü,,,,ü,ü,,,,https://www.environment.nsw.gov.au/topics/air/monitoring-air-quality/regional-and-rural-nsw/regional-monitoring-stations/bathurst
,Coffs Harbour,Rural and regional NSW,Mid-north Coast,"City Centre, Park off Duke St near Carralls Gully",-30.29831,153.11808,21,2019,Active,Standard - Australian Standards Methods,Australian Eastern Standard Time (AEST),Australian Eastern Standard Time (AEST),,ü,ü,,ü,,ü,ü,ü,,ü,ü,,,,Looking for suitable site - not available yet
,Goulburn,Rural and regional NSW,Southern Tablelands,"Leggett Park, Cnr of Howard Street and McDermott Street",-34.73451,149.72421,702,2019,Active,Standard - Australian Standards Methods,Australian Eastern Standard Time (AEST),Australian Eastern Standard Time (AEST),,ü,ü,,ü,,ü,ü,,,ü,ü,,ü,,https://www.environment.nsw.gov.au/topics/air/monitoring-air-quality/regional-and-rural-nsw/regional-monitoring-stations/goulburn
,Gunnedah,Rural and regional NSW,North west slopes,Kitchener Park - Osric St,-30.98188,150.26067,272,2017,Active,Standard - Australian Standards Methods,Australian Eastern Standard Time (AEST),Australian Eastern Standard Time (AEST),,ü,ü,,ü,,ü,,,,ü,ü,,ü,,https://www.environment.nsw.gov.au/topics/air/monitoring-air-quality/regional-and-rural-nsw/regional-monitoring-stations/gunnedah
,Narrabri,Rural and regional NSW,North west slopes,Narrabri Airport - Airport Rd,-30.31843,149.82938,239,2017,Active,Standard - Australian Standards Methods,Australian Eastern Standard Time (AEST),Australian Eastern Standard Time (AEST),,ü,ü,,,,,,,,ü,ü,,,,https://www.environment.nsw.gov.au/topics/air/monitoring-air-quality/regional-and-rural-nsw/regional-monitoring-stations/narrabri
,Orange,Rural and regional NSW,Central Tablelands,"Jaeger Reserve, Hill Street",-33.27442,149.09439,871,2019,Active,Standard - Australian Standards Methods,Australian Eastern Standard Time (AEST),Australian Eastern Standard Time (AEST),,ü,ü,,,,ü,ü,,,ü,ü,,ü,,https://www.environment.nsw.gov.au/topics/air/monitoring-air-quality/regional-and-rural-nsw/regional-monitoring-stations/orange
,Port Macquarie,Rural and regional NSW,Mid-north Coast,10 Sherwood Road,-31.44776,152.87653,73,2019,Active,Standard - Australian Standards Methods,Australian Eastern Standard Time (AEST),Australian Eastern Standard Time (AEST),,ü,ü,,ü,ü,ü,ü,ü,,ü,ü,,,,Looking for suitable site - not available yet
,Tamworth,Rural and regional NSW,North west slopes,Hyman Park,-31.10991,150.91450,405,2000,Active,Standard - Australian Standards Methods,Australian Eastern Standard Time (AEST),Australian Eastern Standard Time (AEST),200,ü,ü,,,,ü,,,,ü,ü,,,,https://www.environment.nsw.gov.au/topics/air/monitoring-air-quality/regional-and-rural-nsw/regional-monitoring-stations/tamworth
,Wagga Wagga,Rural and regional NSW,South west slopes,Morgan & Murray Sts,-35.11560,147.36085,181,2000,Decommissioned (2011),Standard - Australian Standards Methods,Australian Eastern Standard Time (AEST),Australian Eastern Standard Time (AEST),,ü,,,,,,,,,ü,ü,,,,Not available
,Wagga Wagga North,Rural and regional NSW,South west slopes,Wagga Wagga Racecourse,-35.10441,147.36051,179,2011,Active,Standard - Australian Standards Methods,Australian Eastern Standard Time (AEST),Australian Eastern Standard Time (AEST),,ü,ü,,,,ü,,,,ü,ü,,ü,ü,https://www.environment.nsw.gov.au/topics/air/monitoring-air-quality/regional-and-rural-nsw/regional-monitoring-stations/wagga-wagga-north
,Sydney,,,,,,,,,,,,,,,,,,,,,,,,,,,https://www.environment.nsw.gov.au/topics/air/monitoring-air-quality/sydney
,Bargo,Sydney,Sydney south west,Silica Rd,-34.30630,150.58060,365,1996,Active,Standard - Australian Standards Methods,Australian Eastern Standard Time (AEST),Australian Eastern Standard Time (AEST),,ü,ü,,ü,ü,ü,ü,,,ü,ü,,,,https://www.environment.nsw.gov.au/topics/air/monitoring-air-quality/sydney/monitoring-stations/bargo
,Blacktown ,Sydney,Sydney north west,Flushcombe Rd,-33.77991,150.90575,75,1992,Decommissioned (2004),Standard - Australian Standards Methods,Australian Eastern Standard Time (AEST),Australian Eastern Standard Time (AEST),,ü,,,ü,ü,ü,ü,ü,,ü,ü,ü,,,Not available
,Bringelly,Sydney,Sydney south west,Ramsay Rd,-33.91765,150.76193,53,1992,Active,Standard - Australian Standards Methods,Australian Eastern Standard Time (AEST),Australian Eastern Standard Time (AEST),,ü,ü,,ü,ü,ü,ü,,,ü,ü,ü,,,https://www.environment.nsw.gov.au/topics/air/monitoring-air-quality/sydney/monitoring-stations/bringelly
,Camden,Sydney,Sydney south west,Camden Airport,-34.04170,150.69014,73,2012,Active,Standard - Australian Standards Methods,Australian Eastern Standard Time (AEST),Australian Eastern Standard Time (AEST),,ü,ü,,ü,,ü,ü,ü,,ü,ü,,,,https://www.environment.nsw.gov.au/topics/air/monitoring-air-quality/sydney/monitoring-stations/camden
,Campbelltown,Sydney,Sydney south west,Cronulla Cresent,-34.05610,150.81220,84,1976,Decommissioned (2004),Standard - Australian Standards Methods,Australian Eastern Standard Time (AEST),Australian Eastern Standard Time (AEST),,ü,,,ü,,ü,,,,ü,,,,,Not available
,Campbelltown West,Sydney,Sydney south west,Campbelltown TAFE,-34.06667,150.79554,112,2012,Active,Standard - Australian Standards Methods,Australian Eastern Standard Time (AEST),Australian Eastern Standard Time (AEST),,ü,ü,,ü,ü,ü,ü,ü,,ü,ü,,,,https://www.environment.nsw.gov.au/topics/air/monitoring-air-quality/sydney/monitoring-stations/campbelltown-west
,Chullora,Sydney,Sydney east,Southern Sydney TAFE - Worth St,-33.89157,151.04606,32,2003,Active,Standard - Australian Standards Methods,Australian Eastern Standard Time (AEST),Australian Eastern Standard Time (AEST),,ü,ü,,ü,ü,ü,ü,ü,,ü,ü,ü,,,https://www.environment.nsw.gov.au/topics/air/monitoring-air-quality/sydney/monitoring-stations/chullora
,Cook and Phillip,Sydney,Sydney east,"Cook and Phillip Park, Sydney CBD",-33.87247,151.21334,26,2019,Active,Standard - Australian Standards Methods,Australian Eastern Standard Time (AEST),Australian Eastern Standard Time (AEST),,ü,ü,,ü,ü,ü,ü,ü,,ü,ü,,,,https://www.environment.nsw.gov.au/topics/air/monitoring-air-quality/sydney/monitoring-stations/cook-and-phillip-sydney-cbd
,Earlwood,Sydney,Sydney east,Beaman Park,-33.91618,151.13579,7,1978,Active,Standard - Australian Standards Methods,Australian Eastern Standard Time (AEST),Australian Eastern Standard Time (AEST),,ü,ü,,ü,,ü,ü,,,ü,ü,,,,https://www.environment.nsw.gov.au/topics/air/monitoring-air-quality/sydney/monitoring-stations/earlwood
,Lidcombe,Sydney,Sydney east,"71 East Street, Lidcombe, NSW 2141",-33.88141,151.04678,39,2019,Active,Standard - Australian Standards Methods,Australian Eastern Standard Time (AEST),Australian Eastern Standard Time (AEST),,ü,ü,,ü,ü,ü,ü,ü,,ü,ü,ü,ü,,https://www.environment.nsw.gov.au/topics/air/monitoring-air-quality/sydney/monitoring-stations/lidcombe
,Lidcombe (former),Sydney,Sydney east,EPA Laboratories,-33.88416,151.04325,5,1974,Decommissioned (2002),Standard - Australian Standards Methods,Australian Eastern Standard Time (AEST),Australian Eastern Standard Time (AEST),,ü,ü,,ü,,ü,ü,,,ü,ü,,,,Not available
,Lindfield,Sydney,Sydney east,Bradfield Rd,-33.78113,151.15090,60,1994,Decommissioned (2019),Standard - Australian Standards Methods,Australian Eastern Standard Time (AEST),Australian Eastern Standard Time (AEST),,ü,,,ü,ü,ü,ü,,,ü,ü,,,,Not available
,Liverpool,Sydney,Sydney south west,Rose St,-33.93130,150.90730,22,1991,Active,Standard - Australian Standards Methods,Australian Eastern Standard Time (AEST),Australian Eastern Standard Time (AEST),,ü,ü,,ü,ü,ü,ü,ü,,ü,ü,,,ü,https://www.environment.nsw.gov.au/topics/air/monitoring-air-quality/sydney/monitoring-stations/liverpool
,Macarthur,Sydney,Sydney south west,UWS Campbelltown Campus,-34.07087,150.78218,104,2004,Decommissioned (2015),Standard - Australian Standards Methods,Australian Eastern Standard Time (AEST),Australian Eastern Standard Time (AEST),,ü,,,ü,ü,ü,ü,ü,,ü,ü,,,,Not available
,Macquarie Park,Sydney,Sydney east,Macquarie University Sport Fields - Culloden Rd,-33.76528,151.11777,49,2017,Active,Standard - Australian Standards Methods,Australian Eastern Standard Time (AEST),Australian Eastern Standard Time (AEST),,ü,ü,,ü,ü,ü,ü,ü,,ü,ü,ü,,,https://www.environment.nsw.gov.au/topics/air/monitoring-air-quality/sydney/monitoring-stations/macquarie-park
,Oakdale,Sydney,Sydney south west,Ridge Rd,-34.05171,150.49819,457,1996,Active,Standard - Australian Standards Methods,Australian Eastern Standard Time (AEST),Australian Eastern Standard Time (AEST),,ü,ü,,ü,,ü,ü,,,ü,ü,ü,ü,,https://www.environment.nsw.gov.au/topics/air/monitoring-air-quality/sydney/monitoring-stations/oakdale
,Parramatta North ,Sydney,Sydney north west,Cumberland Hospital - Fleet St,-33.79949,150.99781,16,2017,Active,Standard - Australian Standards Methods,Australian Eastern Standard Time (AEST),Australian Eastern Standard Time (AEST),,ü,ü,,ü,ü,ü,ü,ü,,ü,ü,,,,https://www.environment.nsw.gov.au/topics/air/monitoring-air-quality/sydney/monitoring-stations/parramatta-north
,Penrith,Sydney,Sydney north west,"Cnr Laycock Street and Shellbourne Pl, Cranebrook NSW",-33.72690,150.70380,27,2020,Active,Standard - Australian Standards Methods,Australian Eastern Standard Time (AEST),Australian Eastern Standard Time (AEST),,ü,ü,,ü,ü,ü,ü,ü,,ü,ü,,ü,,https://www.environment.nsw.gov.au/topics/air/monitoring-air-quality/sydney/monitoring-stations/penrith
,Prospect ,Sydney,Sydney north west,William Lawson Park,-33.79426,150.91419,64,2007,Active,Standard - Australian Standards Methods,Australian Eastern Standard Time (AEST),Australian Eastern Standard Time (AEST),,ü,ü,,ü,ü,ü,ü,ü,,ü,ü,ü,,,https://www.environment.nsw.gov.au/topics/air/monitoring-air-quality/sydney/monitoring-stations/prospect
,Randwick,Sydney,Sydney east,Randwick Barracks,-33.93178,151.24280,28,1994,Active,Standard - Australian Standards Methods,Australian Eastern Standard Time (AEST),Australian Eastern Standard Time (AEST),,ü,ü,,ü,ü,ü,ü,,,ü,ü,,,,https://www.environment.nsw.gov.au/topics/air/monitoring-air-quality/sydney/monitoring-stations/randwick
,Richmond,Sydney,Sydney north west,University of Western Sydney,-33.61644,150.74735,21,1992,Active,Standard - Australian Standards Methods,Australian Eastern Standard Time (AEST),Australian Eastern Standard Time (AEST),,ü,ü,,ü,ü,ü,ü,,,ü,ü,,ü,ü,https://www.environment.nsw.gov.au/topics/air/monitoring-air-quality/sydney/monitoring-stations/richmond
,Rouse Hill,Sydney,Sydney north west,Cudgegong Rd,-33.68276,150.90371,73,2019,Active,Standard - Australian Standards Methods,Australian Eastern Standard Time (AEST),Australian Eastern Standard Time (AEST),,ü,ü,,ü,ü,ü,ü,ü,,ü,ü,,ü,,https://www.environment.nsw.gov.au/topics/air/monitoring-air-quality/sydney/monitoring-stations/rouse-hill
,Rozelle,Sydney,Sydney east,Rozelle Hospital,-33.86435,151.16393,22,1970,Active,Standard - Australian Standards Methods,Australian Eastern Standard Time (AEST),Australian Eastern Standard Time (AEST),,ü,ü,,ü,ü,ü,ü,ü,,ü,ü,ü,ü,,https://www.environment.nsw.gov.au/topics/air/monitoring-air-quality/sydney/monitoring-stations/rozelle
,St Marys,Sydney,Sydney north west,Mamre Rd,-33.79516,150.76680,29,1992,Active,Standard - Australian Standards Methods,Australian Eastern Standard Time (AEST),Australian Eastern Standard Time (AEST),,ü,ü,,ü,,ü,ü,,,ü,ü,,,,https://www.environment.nsw.gov.au/topics/air/monitoring-air-quality/sydney/monitoring-stations/st-marys
,Sydney,Sydney,Sydney east,George & Market Sts,-33.87092,151.20706,28,1974,Decommissioned (2004),Standard - Australian Standards Methods,Australian Eastern Standard Time (AEST),Australian Eastern Standard Time (AEST),,,,,ü,,,,ü,,,,,,,Not available
,Vineyard,Sydney,Sydney north west,Castle Hill STP,-33.65623,150.84768,35,1994,Decommissioned (2015),Standard - Australian Standards Methods,Australian Eastern Standard Time (AEST),Australian Eastern Standard Time (AEST),,ü,,,ü,ü,ü,ü,,,ü,ü,ü,,,Not available
,Woolooware,Sydney,Sydney east,Woolooware Rd,-34.04271,151.14212,12,1982,Decommissioned (2004),Standard - Australian Standards Methods,Australian Eastern Standard Time (AEST),Australian Eastern Standard Time (AEST),,ü,ü,,ü,ü,ü,ü,,,ü,ü,ü,,,Not available
,Rural NSW,,,,,,,,,,,,,,,,,,,,,,,,,,,https://www.environment.nsw.gov.au/topics/air/monitoring-air-quality/regional-and-rural-nsw
,Armidale,"Rural from ""Rural and regional NSW""",Northern Tableland LLS,Kirkwood Street,-30.50845,151.66166,982,2018,Decommissioned (2019),Indicative,Australian Eastern Standard Time (AEST),Australian Eastern Standard Time (AEST),,ü,ü,ü,,,,,,,,,,,,https://www.environment.nsw.gov.au/topics/air/monitoring-air-quality/regional-and-rural-nsw/rural-monitoring-stations/cowra
,Bourke,"Rural from ""Rural and regional NSW""",Western LLS,BoM site,-30.03620,145.95200,110,2007,Active,Indicative,Australian Eastern Standard Time (AEST),Australian Eastern Standard Time (AEST),,ü,ü,ü,,,,,,,,,,,,https://www.environment.nsw.gov.au/topics/air/monitoring-air-quality/regional-and-rural-nsw/rural-monitoring-stations/condoblin
,Broken Hill,"Rural from ""Rural and regional NSW""",Western LLS,BoM airport,-32.00120,141.46900,285,2008,Active,Indicative,Australian Central Standard Time (ACST),Australian Eastern Standard Time (AEST),,ü,ü,ü,,,,,,,,,,,,https://www.environment.nsw.gov.au/topics/air/monitoring-air-quality/regional-and-rural-nsw/rural-monitoring-stations/dubbo
,Buronga,"Rural from ""Rural and regional NSW""",Western LLS,DPI research centre,-34.17470,142.20100,51,2003,Active,Indicative,Australian Eastern Standard Time (AEST),Australian Eastern Standard Time (AEST),,ü,ü,ü,,,,,,,,,,,,https://www.environment.nsw.gov.au/topics/air/monitoring-air-quality/regional-and-rural-nsw/rural-monitoring-stations/parkes
,Cobar,"Rural from ""Rural and regional NSW""",Western LLS,BoM site,-31.48370,145.82900,260,2007,Active,Indicative,Australian Eastern Standard Time (AEST),Australian Eastern Standard Time (AEST),,ü,ü,ü,,,,,,,,,,,,https://www.environment.nsw.gov.au/topics/air/monitoring-air-quality/regional-and-rural-nsw/rural-monitoring-stations/walpeup
,Condobolin,"Rural from ""Rural and regional NSW""",Central West LLS,DPI research centre,-33.06646,147.22832,193,2004,Active,Indicative,Australian Eastern Standard Time (AEST),Australian Eastern Standard Time (AEST),,ü,ü,ü,,,,,,,,,,,,https://www.environment.nsw.gov.au/topics/air/monitoring-air-quality/regional-and-rural-nsw/rural-monitoring-stations/werrimull
,Cooma,"Rural from ""Rural and regional NSW""",South East LLS,Snowy Hydro Discover Centre,-36.22260,149.13310,831,2020,Active,Indicative,Australian Eastern Standard Time (AEST),Australian Eastern Standard Time (AEST),,ü,ü,ü,,,,,,,,,,,,https://www.environment.nsw.gov.au/topics/air/monitoring-air-quality/regional-and-rural-nsw/rural-monitoring-stations/deniliquin
,Coombah,"Rural from ""Rural and regional NSW""",Western LLS,Private property,-32.97860,141.48900,193,2004,Active,Indicative,Australian Eastern Standard Time (AEST),Australian Eastern Standard Time (AEST),,ü,ü,ü,,,,,,,,,,,,https://www.environment.nsw.gov.au/topics/air/monitoring-air-quality/regional-and-rural-nsw/rural-monitoring-stations/kyalite
,Cowra,"Rural from ""Rural and regional NSW""",Central Tablelands LLS,BoM airport,-33.83810,148.65412,296,2007,Active,Indicative,Australian Eastern Standard Time (AEST),Australian Eastern Standard Time (AEST),,ü,ü,ü,,,,,,,,,,,,https://www.environment.nsw.gov.au/topics/air/monitoring-air-quality/regional-and-rural-nsw/rural-monitoring-stations/rand
,Deniliquin,"Rural from ""Rural and regional NSW""",Murray LLS,BoM airport,-35.55750,144.94600,98,2007,Active,Indicative,Australian Eastern Standard Time (AEST),Australian Eastern Standard Time (AEST),,ü,ü,ü,,,,,,,,,,,,https://www.environment.nsw.gov.au/topics/air/monitoring-air-quality/regional-and-rural-nsw/rural-monitoring-stations/loddon-plains
,Dubbo,"Rural from ""Rural and regional NSW""",Central West LLS,BoM airport,-32.21950,148.57800,282,2007,Active,Indicative,Australian Eastern Standard Time (AEST),Australian Eastern Standard Time (AEST),,ü,ü,ü,,,,,,,,,,,,https://www.environment.nsw.gov.au/topics/air/monitoring-air-quality/regional-and-rural-nsw/rural-monitoring-stations/wycheproof
,Euston,"Rural from ""Rural and regional NSW""",Western LLS,Private property,-34.44300,142.88900,282,2005,Active,Indicative,Australian Eastern Standard Time (AEST),Australian Eastern Standard Time (AEST),,ü,ü,ü,,,,,,,,,,,,New site - not available yet
,Grafton,"Rural from ""Rural and regional NSW""",North Coast LLS,Grafton Primary Industries Institute ,-29.62069,152.96331,35,2019,Active,Indicative,Australian Eastern Standard Time (AEST),Australian Eastern Standard Time (AEST),,ü,ü,ü,,,,,,,,,,,,New site - not available yet
,Griffith,"Rural from ""Rural and regional NSW""",Riverina LLS,BoM airport,-34.24882,146.06990,132,2012,Active,Indicative,Australian Eastern Standard Time (AEST),Australian Eastern Standard Time (AEST),,ü,ü,ü,,,,,,,,,,,,https://www.environment.nsw.gov.au/topics/air/monitoring-air-quality/regional-and-rural-nsw/regional-monitoring-stations/gunnedah
,Gunnedah,"Rural from ""Rural and regional NSW""",North West LLS,Kitchener Park - Osric St,-30.98188,150.26067,272,2019,Active,Indicative,Australian Eastern Standard Time (AEST),Australian Eastern Standard Time (AEST),,ü,ü,ü,,,,,,,,,,,,Not available
,Gunnedah South East,"Rural from ""Rural and regional NSW""",North West LLS,DPIE research centre,-31.02610,150.26900,309,2003,Decommissioned (2019),Indicative,Australian Eastern Standard Time (AEST),Australian Eastern Standard Time (AEST),,ü,ü,ü,,,,,,,,,,,,https://www.environment.nsw.gov.au/topics/air/monitoring-air-quality/regional-and-rural-nsw/rural-monitoring-stations/moree
,Hay,"Rural from ""Rural and regional NSW""",Riverina LLS,BoM site,-34.54131,144.86448,89,2004,Active,Indicative,Australian Eastern Standard Time (AEST),Australian Eastern Standard Time (AEST),,ü,ü,ü,,,,,,,,,,,,https://www.environment.nsw.gov.au/topics/air/monitoring-air-quality/regional-and-rural-nsw/rural-monitoring-stations/walgett
,Hillston,"Rural from ""Rural and regional NSW""",Western LLS,BoM airport,-33.49151,145.52476,121,2007,Active,Indicative,Australian Eastern Standard Time (AEST),Australian Eastern Standard Time (AEST),,ü,ü,ü,,,,,,,,,,,,Not available
,Ivanhoe,"Rural from ""Rural and regional NSW""",Western LLS,Private property,-33.05480,144.15400,84,2004,Active,Indicative,Australian Eastern Standard Time (AEST),Australian Eastern Standard Time (AEST),,ü,ü,ü,,,,,,,,,,,,https://www.environment.nsw.gov.au/topics/air/monitoring-air-quality/regional-and-rural-nsw/rural-monitoring-stations/griffith
,Junee,"Rural from ""Rural and regional NSW""",Riverina LLS,Private property,-34.82540,147.51000,279,2012,Active,Indicative,Australian Eastern Standard Time (AEST),Australian Eastern Standard Time (AEST),,ü,ü,ü,,,,,,,,,,,,https://www.environment.nsw.gov.au/topics/air/monitoring-air-quality/regional-and-rural-nsw/rural-monitoring-stations/hay
,Kyalite,"Rural from ""Rural and regional NSW""",Murray LLS,Private property,-35.03680,143.48900,279,2007,Active,Indicative,Australian Eastern Standard Time (AEST),Australian Eastern Standard Time (AEST),,ü,ü,ü,,,,,,,,,,,,https://www.environment.nsw.gov.au/topics/air/monitoring-air-quality/regional-and-rural-nsw/rural-monitoring-stations/junee
,Lake Victoria,"Rural from ""Rural and regional NSW""",Western LLS,Private property,-34.04850,141.06300,55,2004,Active,Indicative,Australian Eastern Standard Time (AEST),Australian Eastern Standard Time (AEST),,ü,ü,ü,,,,,,,,,,,,https://www.environment.nsw.gov.au/topics/air/monitoring-air-quality/regional-and-rural-nsw/rural-monitoring-stations/narrandera
,Lameroo,"Rural from ""Rural and regional NSW""",SA Murray Darling Basin ,BoM site,-35.37780,140.53800,112,2011,Active,Indicative,Australian Central Standard Time (ACST),Australian Eastern Standard Time (AEST),,,,ü,,,,,,,,,,,,https://www.environment.nsw.gov.au/topics/air/monitoring-air-quality/regional-and-rural-nsw/rural-monitoring-stations/temora
,Lismore,"Rural from ""Rural and regional NSW""",North Coast LLS,Northern Rivers Aero Club,-28.8243,153.2568,15,2020,Active,Indicative,Australian Eastern Standard Time (AEST),Australian Eastern Standard Time (AEST),,ü,ü,ü,,,,,,,,,,,,https://www.environment.nsw.gov.au/topics/air/monitoring-air-quality/regional-and-rural-nsw/rural-monitoring-stations/wagga
,Loddon Plains,"Rural from ""Rural and regional NSW""",North Central CMA,AG research station,-36.45380,144.31900,111,2011,Active,Indicative,Australian Eastern Standard Time (AEST),Australian Eastern Standard Time (AEST),,,,ü,,,,,,,,,,,,https://www.environment.nsw.gov.au/topics/air/monitoring-air-quality/regional-and-rural-nsw/rural-monitoring-stations/west-wyalong
,Merimbula,"Rural from ""Rural and regional NSW""",South East LLS,Merimbula Airport,-36.90775,149.89893,6,2020,Active,Indicative,Australian Eastern Standard Time (AEST),Australian Eastern Standard Time (AEST),,ü,ü,ü,,,,,,,,,,,,https://www.environment.nsw.gov.au/topics/air/monitoring-air-quality/regional-and-rural-nsw/rural-monitoring-stations/moolawatana
,Moolawatana,"Rural from ""Rural and regional NSW""",SA Arid Lands,Private property,-29.90720,139.73700,94,2008,Active,Indicative,Australian Central Standard Time (ACST),Australian Eastern Standard Time (AEST),,,,ü,,,,,,,,,,,,https://www.environment.nsw.gov.au/topics/air/monitoring-air-quality/regional-and-rural-nsw/rural-monitoring-stations/lameroo
,Moree,"Rural from ""Rural and regional NSW""",North West LLS,BoM site,-29.48970,149.84700,213,2008,Active,Indicative,Australian Eastern Standard Time (AEST),Australian Eastern Standard Time (AEST),,ü,ü,ü,,,,,,,,,,,,New site - not available yet
,Narrandera,"Rural from ""Rural and regional NSW""",Riverina LLS,BoM airport,-34.70500,146.51400,145,2012,Active,Indicative,Australian Eastern Standard Time (AEST),Australian Eastern Standard Time (AEST),,ü,ü,ü,,,,,,,,,,,,New site - not available yet
,Parkes,"Rural from ""Rural and regional NSW""",Central West LLS,BoM airport,-33.12770,148.24400,323,2007,Active,Indicative,Australian Eastern Standard Time (AEST),Australian Eastern Standard Time (AEST),,ü,ü,ü,,,,,,,,,,,,https://www.environment.nsw.gov.au/topics/air/monitoring-air-quality/regional-and-rural-nsw/rural-monitoring-stations/bourke
,Pooncarie,"Rural from ""Rural and regional NSW""",Western LLS,Private property,-33.60160,142.53100,323,2004,Active,Indicative,Australian Eastern Standard Time (AEST),Australian Eastern Standard Time (AEST),,ü,ü,ü,,,,,,,,,,,,https://www.environment.nsw.gov.au/topics/air/monitoring-air-quality/regional-and-rural-nsw/rural-monitoring-stations/broken-hill
,Rand,"Rural from ""Rural and regional NSW""",Murray LLS,Private property,-35.62960,146.47500,149,2010,Active,Indicative,Australian Eastern Standard Time (AEST),Australian Eastern Standard Time (AEST),,ü,ü,ü,,,,,,,,,,,,https://www.environment.nsw.gov.au/topics/air/monitoring-air-quality/regional-and-rural-nsw/rural-monitoring-stations/buronga
,Temora,"Rural from ""Rural and regional NSW""",Riverina LLS,BoM airport,-34.42780,147.51200,279,2007,Active,Indicative,Australian Eastern Standard Time (AEST),Australian Eastern Standard Time (AEST),,ü,ü,ü,,,,,,,,,,,,https://www.environment.nsw.gov.au/topics/air/monitoring-air-quality/regional-and-rural-nsw/rural-monitoring-stations/cobar
,Tibooburra,"Rural from ""Rural and regional NSW""",Western LLS,BoM airport,-29.44480,142.05700,178,2004,Active,Indicative,Australian Eastern Standard Time (AEST),Australian Eastern Standard Time (AEST),,ü,ü,ü,,,,,,,,,,,,https://www.environment.nsw.gov.au/topics/air/monitoring-air-quality/regional-and-rural-nsw/rural-monitoring-stations/coombah
,Wagga Wagga North,"Rural from ""Rural and regional NSW""",Riverina LLS,Wagga Wagga racecourse,-35.10444,147.36051,179,2017,Active,Indicative,Australian Eastern Standard Time (AEST),Australian Eastern Standard Time (AEST),,ü,ü,ü,,,,,,,,,,,,https://www.environment.nsw.gov.au/topics/air/monitoring-air-quality/regional-and-rural-nsw/rural-monitoring-stations/euston
,Walgett,"Rural from ""Rural and regional NSW""",North West LLS,BoM airport,-30.03590,148.12300,132,2008,Active,Indicative,Australian Eastern Standard Time (AEST),Australian Eastern Standard Time (AEST),,ü,ü,ü,,,,,,,,,,,,https://www.environment.nsw.gov.au/topics/air/monitoring-air-quality/regional-and-rural-nsw/rural-monitoring-stations/hillston
,Walpeup,"Rural from ""Rural and regional NSW""",Mallee CMA,BoM site,-35.12020,142.00400,105,2011,Active,Indicative,Australian Eastern Standard Time (AEST),Australian Eastern Standard Time (AEST),,ü,ü,ü,,,,,,,,,,,,https://www.environment.nsw.gov.au/topics/air/monitoring-air-quality/regional-and-rural-nsw/rural-monitoring-stations/ivanhoe
,Werrimull,"Rural from ""Rural and regional NSW""",Mallee CMA,Private property,-34.46840,141.57300,77,2018,Active,Indicative,Australian Eastern Standard Time (AEST),Australian Eastern Standard Time (AEST),,ü,ü,ü,,,,,,,,,,,,https://www.environment.nsw.gov.au/topics/air/monitoring-air-quality/regional-and-rural-nsw/rural-monitoring-stations/lake-victoria
,West Wyalong,"Rural from ""Rural and regional NSW""",Riverina LLS,BoM airport,-33.93840,147.19600,254,2007,Active,Indicative,Australian Eastern Standard Time (AEST),Australian Eastern Standard Time (AEST),,ü,ü,ü,,,,,,,,,,,,https://www.environment.nsw.gov.au/topics/air/monitoring-air-quality/regional-and-rural-nsw/rural-monitoring-stations/pooncarie
,White Cliffs,"Rural from ""Rural and regional NSW""",Western LLS,BoM airport,-30.85170,143.07400,159,2008,Active,Indicative,Australian Eastern Standard Time (AEST),Australian Eastern Standard Time (AEST),,ü,ü,ü,,,,,,,,,,,,https://www.environment.nsw.gov.au/topics/air/monitoring-air-quality/regional-and-rural-nsw/rural-monitoring-stations/tibooburra
,Wycheproof,"Rural from ""Rural and regional NSW""",North Central CMA,AG research station,-36.09710,143.35500,111,2014,Active,Indicative,Australian Eastern Standard Time (AEST),Australian Eastern Standard Time (AEST),,,,ü,,,,,,,,,,,,https://www.environment.nsw.gov.au/topics/air/monitoring-air-quality/regional-and-rural-nsw/rural-monitoring-stations/white-cliffs