Hourly Averages Time Range: 09/04/2021 00:00 to 10/04/2021 00:00,,,,,,,,,,,,,,,,,,,,,,,,,,,,,,,,,,,,,,,,,,,,,,,,,,,,,,,,,,,,,,,,,,,,,,,,,,,,,,,,,,,,,,,,,,,,,,,,,,,,,,,,,,,,,,,,,,,,,,,,,,,,,,,,,,,,,,,,,,,,,,,,,,,,,,,,,,,,,,,,,,,,,,,,,,,,,,,,,,,,,,,,,,,,,,,,,,,,,,,,,,,,,,,,,,,,,,,,,,,,,,,,,,,,,,,,,,,,,,,,,,,,,,,,,,,,,,,
Initial Data,,,,,,,,,RANDWICK OZONE 1h average,,,,,,,,,,,,,,ROZELLE OZONE 1h average,,,,,,,ROZELLE CO 1h average,,,,,,,,,LINDFIELD OZONE 1h average,,,,,,,,,,,,,,LIVERPOOL OZONE 1h average,,,,,,,LIVERPOOL CO 1h average,,,,,,,,,BRINGELLY OZONE 1h average,,,,,,,BRINGELLY CO 1h average,,,,,,,,,CHULLORA OZONE 1h average,,,,,,,CHULLORA CO 1h average,,,,,,,,EARLWOOD OZONE 1h average,,,,,,EARLWOOD CO 1h average,,,,,,,,,WYONG OZONE 1h average,,,,,,WYONG CO 1h average,,,,,,,,,,WALLSEND OZONE 1h average,,,,,,,WALLSEND CO 1h average,,,,,,,,,,,,,,,,,,STOCKTON OZONE 1h average,,,,,,STOCKTON CO 1h average,,,,,,,,,NEWCASTLE OZONE 1h average,,,,,,,NEWCASTLE CO 1h average,,,,,,,,,MAYFIELD OZONE 1h average,,,,,,,MAYFIELD CO 1h average,,,,,,,,,BERESFIELD OZONE 1h average,,,,,,,BERESFIELD CO 1h average,,,,,,,,,,,,,,,,,,WOLLONGONG OZONE 1h average,,,,,,,WOLLONGONG CO 1h average,,,,,,,,,KEMBLA GRANGE OZONE 1h average,,,,,,,,,,,
Date,Time,RANDWICK WDR 1h average [°],RANDWICK TEMP 1h average [°C],RANDWICK WSP 1h average [m/s],RANDWICK SO2 1h average [pphm],RANDWICK NO 1h average [pphm],RANDWICK NO2 1h average [pphm],RANDWICK OZONE 1h average [pphm],RANDWICK OZONE 4h rolling average [pphm],RANDWICK PM10 1h average [µg/m³],RANDWICK PM2.5 1h average [µg/m³],RANDWICK HUMID 1h average [%],RANDWICK NEPH 1h average [bsp],RANDWICK SD1 1h average [°],ROZELLE WDR 1h average [°],ROZELLE TEMP 1h average [°C],ROZELLE WSP 1h average [m/s],ROZELLE SO2 1h average [pphm],ROZELLE NO 1h average [pphm],ROZELLE NO2 1h average [pphm],ROZELLE CO 1h average [ppm],ROZELLE OZONE 1h average [pphm],ROZELLE OZONE 4h rolling average [pphm],ROZELLE PM10 1h average [µg/m³],ROZELLE PM2.5 1h average [µg/m³],ROZELLE HUMID 1h average [%],ROZELLE NEPH 1h average [bsp],ROZELLE SOLAR 1h average [W/m²],ROZELLE SD1 1h average [°],ROZELLE CO 8h rolling average [ppm],ROZELLE RAIN 1h average [mm/m²],LINDFIELD WDR 1h average [°],LINDFIELD TEMP 1h average [°C],LINDFIELD WSP 1h average [m/s],LINDFIELD SO2 1h average [pphm],LINDFIELD NO 1h average [pphm],LINDFIELD NO2 1h average [pphm],LINDFIELD OZONE 1h average [pphm],LINDFIELD OZONE 4h rolling average [pphm],LINDFIELD PM10 1h average [µg/m³],LINDFIELD HUMID 1h average [%],LINDFIELD NEPH 1h average [bsp],LINDFIELD SOLAR 1h average [W/m²],LINDFIELD SD1 1h average [°],LIVERPOOL WDR 1h average [°],LIVERPOOL TEMP 1h average [°C],LIVERPOOL WSP 1h average [m/s],LIVERPOOL SO2 1h average [pphm],LIVERPOOL NO 1h average [pphm],LIVERPOOL NO2 1h average [pphm],LIVERPOOL CO 1h average [ppm],LIVERPOOL OZONE 1h average [pphm],LIVERPOOL OZONE 4h rolling average [pphm],LIVERPOOL PM10 1h average [µg/m³],LIVERPOOL PM2.5 1h average [µg/m³],LIVERPOOL HUMID 1h average [%],LIVERPOOL NEPH 1h average [bsp],LIVERPOOL SOLAR 1h average [W/m²],LIVERPOOL SD1 1h average [°],LIVERPOOL CO 8h rolling average [ppm],BRINGELLY WDR 1h average [°],BRINGELLY TEMP 1h average [°C],BRINGELLY WSP 1h average [m/s],BRINGELLY SO2 1h average [pphm],BRINGELLY NO 1h average [pphm],BRINGELLY NO2 1h average [pphm],BRINGELLY CO 1h average [ppm],BRINGELLY OZONE 1h average [pphm],BRINGELLY OZONE 4h rolling average [pphm],BRINGELLY PM10 1h average [µg/m³],BRINGELLY PM2.5 1h average [µg/m³],BRINGELLY HUMID 1h average [%],BRINGELLY NEPH 1h average [bsp],BRINGELLY SOLAR 1h average [W/m²],BRINGELLY SD1 1h average [°],BRINGELLY CO 8h rolling average [ppm],CHULLORA WDR 1h average [°],CHULLORA TEMP 1h average [°C],CHULLORA WSP 1h average [m/s],CHULLORA SO2 1h average [pphm],CHULLORA NO 1h average [pphm],CHULLORA NO2 1h average [pphm],CHULLORA CO 1h average [ppm],CHULLORA OZONE 1h average [pphm],CHULLORA OZONE 4h rolling average [pphm],CHULLORA PM10 1h average [µg/m³],CHULLORA PM2.5 1h average [µg/m³],CHULLORA HUMID 1h average [%],CHULLORA NEPH 1h average [bsp],CHULLORA SOLAR 1h average [W/m²],CHULLORA SD1 1h average [°],CHULLORA CO 8h rolling average [ppm],EARLWOOD WDR 1h average [°],EARLWOOD TEMP 1h average [°C],EARLWOOD WSP 1h average [m/s],EARLWOOD NO 1h average [pphm],EARLWOOD NO2 1h average [pphm],EARLWOOD CO 1h average [ppm],EARLWOOD OZONE 1h average [pphm],EARLWOOD OZONE 4h rolling average [pphm],EARLWOOD PM10 1h average [µg/m³],EARLWOOD PM2.5 1h average [µg/m³],EARLWOOD HUMID 1h average [%],EARLWOOD NEPH 1h average [bsp],EARLWOOD SD1 1h average [°],EARLWOOD CO 8h rolling average [ppm],WYONG WDR 1h average [°],WYONG TEMP 1h average [°C],WYONG WSP 1h average [m/s],WYONG SO2 1h average [pphm],WYONG NO 1h average [pphm],WYONG NO2 1h average [pphm],WYONG CO 1h average [ppm],WYONG OZONE 1h average [pphm],WYONG OZONE 4h rolling average [pphm],WYONG PM10 1h average [µg/m³],WYONG PM2.5 1h average [µg/m³],WYONG HUMID 1h average [%],WYONG NEPH 1h average [bsp],WYONG SD1 1h average [°],WYONG CO 8h rolling average [ppm],WYONG RAIN 1h average [mm/m²],WALLSEND WDR 1h average [°],WALLSEND TEMP 1h average [°C],WALLSEND WSP 1h average [m/s],WALLSEND SO2 1h average [pphm],WALLSEND NO 1h average [pphm],WALLSEND NO2 1h average [pphm],WALLSEND CO 1h average [ppm],WALLSEND OZONE 1h average [pphm],WALLSEND OZONE 4h rolling average [pphm],WALLSEND PM10 1h average [µg/m³],WALLSEND PM2.5 1h average [µg/m³],WALLSEND HUMID 1h average [%],WALLSEND NEPH 1h average [bsp],WALLSEND SOLAR 1h average [W/m²],WALLSEND SD1 1h average [°],WALLSEND CO 8h rolling average [ppm],CARRINGTON WDR 1h average [°],CARRINGTON TEMP 1h average [°C],CARRINGTON WSP 1h average [m/s],CARRINGTON SO2 1h average [pphm],CARRINGTON NO 1h average [pphm],CARRINGTON NO2 1h average [pphm],CARRINGTON PM10 1h average [µg/m³],CARRINGTON PM2.5 1h average [µg/m³],CARRINGTON HUMID 1h average [%],CARRINGTON SD1 1h average [°],CARRINGTON RAIN 1h average [mm/m²],STOCKTON WDR 1h average [°],STOCKTON TEMP 1h average [°C],STOCKTON WSP 1h average [m/s],STOCKTON SO2 1h average [pphm],STOCKTON NO 1h average [pphm],STOCKTON NO2 1h average [pphm],STOCKTON OZONE 4h rolling average [pphm],STOCKTON PM10 1h average [µg/m³],STOCKTON NH3 1h average [pphm],STOCKTON PM2.5 1h average [µg/m³],STOCKTON HUMID 1h average [%],STOCKTON SD1 1h average [°],STOCKTON CO 8h rolling average [ppm],NEWCASTLE WDR 1h average [°],NEWCASTLE TEMP 1h average [°C],NEWCASTLE WSP 1h average [m/s],NEWCASTLE SO2 1h average [pphm],NEWCASTLE NO 1h average [pphm],NEWCASTLE NO2 1h average [pphm],NEWCASTLE CO 1h average [ppm],NEWCASTLE OZONE 1h average [pphm],NEWCASTLE OZONE 4h rolling average [pphm],NEWCASTLE PM10 1h average [µg/m³],NEWCASTLE PM2.5 1h average [µg/m³],NEWCASTLE HUMID 1h average [%],NEWCASTLE NEPH 1h average [bsp],NEWCASTLE SOLAR 1h average [W/m²],NEWCASTLE SD1 1h average [°],NEWCASTLE CO 8h rolling average [ppm],MAYFIELD WDR 1h average [°],MAYFIELD TEMP 1h average [°C],MAYFIELD WSP 1h average [m/s],MAYFIELD SO2 1h average [pphm],MAYFIELD NO 1h average [pphm],MAYFIELD NO2 1h average [pphm],MAYFIELD CO 1h average [ppm],MAYFIELD OZONE 1h average [pphm],MAYFIELD OZONE 4h rolling average [pphm],MAYFIELD PM10 1h average [µg/m³],MAYFIELD PM2.5 1h average [µg/m³],MAYFIELD HUMID 1h average [%],MAYFIELD NEPH 1h average [bsp],MAYFIELD SOLAR 1h average [W/m²],MAYFIELD SD1 1h average [°],MAYFIELD CO 8h rolling average [ppm],BERESFIELD WDR 1h average [°],BERESFIELD TEMP 1h average [°C],BERESFIELD WSP 1h average [m/s],BERESFIELD SO2 1h average [pphm],BERESFIELD NO 1h average [pphm],BERESFIELD NO2 1h average [pphm],BERESFIELD CO 1h average [ppm],BERESFIELD OZONE 1h average [pphm],BERESFIELD OZONE 4h rolling average [pphm],BERESFIELD PM10 1h average [µg/m³],BERESFIELD PM2.5 1h average [µg/m³],BERESFIELD HUMID 1h average [%],BERESFIELD NEPH 1h average [bsp],BERESFIELD SOLAR 1h average [W/m²],BERESFIELD SD1 1h average [°],BERESFIELD CO 8h rolling average [ppm],TAMWORTH WDR 1h average [°],TAMWORTH TEMP 1h average [°C],TAMWORTH WSP 1h average [m/s],TAMWORTH OZONE 1h average [pphm],TAMWORTH OZONE 4h rolling average [pphm],TAMWORTH PM10 1h average [µg/m³],TAMWORTH PM2.5 1h average [µg/m³],TAMWORTH HUMID 1h average [%],TAMWORTH SD1 1h average [°],WOLLONGONG WDR 1h average [°],WOLLONGONG TEMP 1h average [°C],WOLLONGONG WSP 1h average [m/s],WOLLONGONG SO2 1h average [pphm],WOLLONGONG NO 1h average [pphm],WOLLONGONG NO2 1h average [pphm],WOLLONGONG CO 1h average [ppm],WOLLONGONG OZONE 1h average [pphm],WOLLONGONG OZONE 4h rolling average [pphm],WOLLONGONG PM10 1h average [µg/m³],WOLLONGONG PM2.5 1h average [µg/m³],WOLLONGONG HUMID 1h average [%],WOLLONGONG NEPH 1h average [bsp],WOLLONGONG SOLAR 1h average [W/m²],WOLLONGONG SD1 1h average [°],WOLLONGONG CO 8h rolling average [ppm],WOLLONGONG RAIN 1h average [mm/m²],KEMBLA GRANGE WDR 1h average [°],KEMBLA GRANGE TEMP 1h average [°C],KEMBLA GRANGE WSP 1h average [m/s],KEMBLA GRANGE SO2 1h average [pphm],KEMBLA GRANGE NO 1h average [pphm],KEMBLA GRANGE NO2 1h average [pphm],KEMBLA GRANGE OZONE 1h average [pphm],KEMBLA GRANGE OZONE 4h rolling average [pphm],KEMBLA GRANGE PM10 1h average [µg/m³],KEMBLA GRANGE PM2.5 1h average [µg/m³],KEMBLA GRANGE HUMID 1h average [%],KEMBLA GRANGE NEPH 1h average [bsp],KEMBLA GRANGE SOLAR 1h average [W/m²],KEMBLA GRANGE SD1 1h average [°],RICHMOND WDR 1h average [°],RICHMOND TEMP 1h average [°C],RICHMOND WSP 1h average [m/s],RICHMOND SO2 1h average [pphm],RICHMOND NO 1h average [pphm]
09/04/2021,01:00,41.5,17.5,0.3,0.1,0.5,1,0.2,0.6,6.6,1.6,91,0.11,23.31,331.5,18.2,0.7,0.2,0.1,1.1,0.2,0.2,0.7,5,2.3,89.5,0.08,-8.5,35.63,0.2,0,,,,,,,,,,,,,,211.7,17.1,0.3,0.1,5.3,1.4,0.3,0,0,13.1,10.6,93.5,0.21,,48.76,0.2,191.8,14.4,0.1,0,0.7,0.3,,0.1,0.1,,4.2,100.3,0.17,3.2,100.51,,344.2,17.1,0.5,0.2,1.7,1.3,0.1,0.1,0.1,11.2,7,92.9,0.13,-2.8,38.9,0.1,182.7,17.3,0.1,2.2,0.9,,0,0,8,4.4,94.4,0.12,81.39,,346.9,16.3,0.9,0,0,0.2,0.2,0.2,0.1,6.5,-4.7,97.1,0.06,24.89,0.2,0,254.9,15.4,0.3,0,0.6,0.5,,0.1,0.1,4.6,0.8,95.6,0.08,-2.2,68.82,,284.2,17.3,1,0.1,4,1.1,16.1,6.4,93.2,17.6,0,298.6,18.4,1.9,,,,,38,,8.6,94,38.63,,294.4,16.6,0.7,0.1,2.2,0.8,0.3,0.1,0.1,9.3,0.6,94.3,0.11,,26.77,0.3,287.8,16.8,0.9,0.1,5.1,0.9,,,,16,2.7,95.7,,-2.8,25.79,,309.5,15.7,1.4,0.1,3.4,0.5,,0,0,7.8,5.1,97.9,0.21,,15.64,,156.7,15.4,1.4,1.1,1.2,7.1,1.3,85.1,18.21,281.7,19.8,0.3,0,0,0.4,0.1,0.9,1.1,6.6,53.2,83,0.09,,86.16,0.2,0,40.8,18.3,0.8,,0,0.5,0.7,0.5,2.8,0.3,86.9,0.08,-3.4,60.76,16.3,16.5,0.3,0,0
09/04/2021,02:00,357.6,18.3,1.2,,,,,0.4,7.5,3.5,85.4,0.08,20.77,344.4,18.5,1,,,,,,0.6,-0.2,3.1,83.9,0.07,-9.8,28.39,0.2,0,,,,,,,,,,,,,,227.9,16.6,0.1,,,,,,0,10.2,19.2,94.3,0.18,,101.14,0.2,121.5,14.4,0.2,,,,,,0.1,4.1,2.8,100.5,0.34,3.8,76.61,,283.7,16.6,0.5,,,,,,0.1,9,4.3,93.2,0.12,-2.8,36.26,0.1,254.9,17.1,0.3,,,,,0,7.8,0.8,94.3,0.11,44.04,,344.5,16,0.9,,,,,,0.1,4,-1.5,97.1,0.06,35.97,0.2,0,266.9,15,0.1,,,,,,0.1,0.8,1.6,95.9,0.12,-2.2,93.35,,318.5,17,0.9,,,,10.2,7.2,93.2,21.78,0,326.9,17.7,2,0.1,4.5,1.4,,19.5,0.6,9.5,96.5,30.03,,324.4,16.7,1.1,,,,,,0.1,9.6,-1.2,93.5,0.11,,13.6,0.4,303.9,16.3,0.8,,,,,,,7.2,-4.1,96.8,,-2.7,20.15,,324.5,15.4,1.5,,,,,,0,5.9,5.6,98.3,0.14,,18.11,,160.2,14.3,1.4,,1.2,5.2,1.2,89.1,14.65,334.5,19.6,0.4,,,,,,1.2,8.4,11,83.6,0.11,,91.67,0.2,0,3.3,17.7,0.7,,,,,0.7,10.4,6.3,89.3,0.09,-3.3,75.93,38.5,15.9,0.2,,
09/04/2021,03:00,314.5,18.3,0.5,0.1,0,0.7,0.9,0.5,0.5,3.8,82.9,0.06,46.33,299.2,17.9,0.6,0.1,0,0.5,0.2,0.8,0.5,3.6,2.4,86.1,0.06,-9.4,47.5,0.2,0,,,,,,,,,,,,,,248,16.3,0.9,0.1,5.7,1.1,0.2,0,0,13.4,7.9,94.7,0.18,,13.86,0.2,238.9,14.3,0.1,0,0.7,0.3,,0.1,0.1,8.3,2.4,100.6,0.45,4.3,104.63,,256.8,17.1,0.9,0.1,0.5,1.1,0.1,0.2,0.1,9.5,0.6,91.4,0.13,-3,27.93,0.1,262.4,16.7,0.3,1.9,0.6,,0,0,7.3,3.1,94.4,0.11,64.94,,359.3,15.8,0.8,0,0,0.1,0,0.3,0.2,5.3,-2.7,97,0.05,33.25,0.2,0.2,338.5,14.6,0.5,0,1.2,0.3,,0.1,0.1,10.2,0.7,96.3,0.15,-1.9,37.28,,329,16.6,1.5,0.1,3.5,1,12.1,6.8,94.2,15.6,0,350.5,16.7,2.8,0,2.2,1.1,,25.1,0.8,4.7,98,7.13,,327.6,16.7,1.5,0.1,2.3,0.8,0.3,0.1,0.1,10.3,-0.5,93.8,0.14,,10.25,0.4,332.5,15.9,1,0,2.6,0.6,,,,6.8,-4.5,97.2,,-2,29.92,,312.3,15.5,1.9,0.1,1.3,0.6,,0.1,0,7.1,6.7,98.3,0.18,,11.37,,162.2,13.8,1.1,0.9,1.1,2.9,2.2,91.2,19.98,236.6,18.7,0.4,0,0,0.7,0.2,0.6,0.9,6.6,13.6,86.7,0.1,,68.85,0.2,0,336.6,18.9,0.6,,0,0.4,1.1,0.9,10.5,-1.6,84.4,0.09,-4.5,73.91,248.1,15.3,0.4,0,0.1
09/04/2021,04:00,287.5,17.8,0.8,0.1,0,0.9,0.7,0.6,8.5,2.5,86.4,0.08,26.43,299,17.1,0.1,0.1,0,0.6,0.2,0.7,0.6,4.2,2,90.6,0.08,-8.7,87.96,0.2,0,,,,,,,,,,,,,,253.6,16,0.5,0.1,3.7,1.2,0.1,0,0,13.3,7.6,95.1,0.3,,36.38,0.2,243.1,14,0.1,0,0.7,0.3,,0.1,0.1,18.4,1.2,100.7,0.15,3.8,92.71,,272.1,16.8,0.8,0.1,0.9,1.1,0.1,0.1,0.2,7.8,2.7,91.8,0.14,-2.9,31.45,0.1,314.9,16.5,0.1,2.7,0.8,,0,0,9.3,4,95.2,0.13,93.53,,8.9,15.5,0.7,0,0.1,0.2,0.1,0.1,0.2,8,-2.5,96.8,0.05,34.83,0.1,0,3.5,14.6,0.3,0,2.5,0.5,,0,0.1,3.8,0.6,96.5,0.26,-2.1,40.27,,322.6,16.1,1.7,0.1,2.3,0.9,9.5,5.4,94,15.83,0,338.4,16.5,3,0.4,1.8,1.2,,27.9,1,4.5,97.9,18.15,,329.1,16.1,1.9,0.1,1.1,0.7,0.3,0,0.1,4.4,2,93.9,0.08,,11.04,0.4,323.5,15.6,1.3,0,0.5,0.5,,,,8.1,-3.9,97.3,,-2.3,24.39,,303.4,15.4,2.2,0.1,2.4,0.9,,0,0,13.8,4.8,98.5,0.68,,8.64,,171.3,13.1,0.8,0.7,0.9,3.6,-0.4,93.3,42.79,133.6,18.7,0.6,0.1,1,1.4,0.2,0.1,0.5,15.8,52,87.1,0.21,,68.02,0.2,0,216.6,19,1.1,,0,0.2,1.4,1.1,3.5,2.5,81.7,0.08,-4.3,43.31,255.7,14.9,0.1,0,0.1
09/04/2021,05:00,26.6,17,0.2,0.1,0.1,1.2,0.3,0.6,5.3,4.6,89.7,0.1,78.53,274.7,16.8,0.1,0.1,0.7,1.1,0.2,0.1,0.5,7.2,0.2,93.1,0.1,-8.4,86.28,0.2,0,,,,,,,,,,,,,,279.6,15.7,0.9,0,0.7,1.1,0.1,0,0,5.5,6.4,96.1,0.35,,28.62,0.2,65.5,13.6,0.3,0.1,0.6,0.4,,0.1,0.1,-6.5,-2.6,100.9,0.12,4,90.56,,303.7,16.2,0.5,0.1,1.7,1,0.1,0.1,0.1,8,12.8,93.8,0.15,-2.8,47.64,0.1,330,16.3,0.2,2.2,0.9,,0,0,8.7,0.4,95.5,0.14,69.74,,7.9,15.3,1,0,0.4,0.2,0.1,0.1,0.2,9.1,-1.8,96.6,0.05,24.21,0.1,0,170.2,14.4,0.1,0,1.3,0.4,,0,0.1,8,0.6,96.7,0.09,-2.2,89.68,,321.5,16.1,1.8,0,2.5,1,13.2,4,94.4,15.67,0,313.5,17.1,4.8,0.1,3.4,2.3,,28.9,1.7,1.6,96.6,9.45,,321.8,16,2.5,0.1,1.4,0.8,0.3,0.1,0,10.1,0.8,93.7,0.14,,9.15,0.3,322.4,15.9,1.8,0,1,0.9,,,,11.5,-2,96.9,,-2.2,26.66,,307,15.5,2.4,0,1.4,1,,0,0.1,8.9,2.5,98.6,0.37,,13.61,,160.4,12.9,1.5,0.7,0.7,6.3,-1.7,93.4,13.27,162.5,18.6,0.5,0,0.4,1.2,0.2,0.2,0.3,22.1,79.8,87.4,0.25,,69.26,0.2,0,359.6,18,0.3,,0,0.3,1,1.2,6.3,3.2,84.1,0.1,-3.4,95.22,284.9,14.4,0.3,0,0.2
09/04/2021,06:00,293.5,16.7,0.4,0.1,0.3,1,0.2,0.5,11.4,-1.3,91.9,0.1,61.55,328.1,17.2,0.6,0.1,0.2,0.8,0.2,0.4,0.5,10.1,2.1,91.8,0.09,-8.3,60.61,0.2,0,,,,,,,,,,,,,,260,15.8,1.4,0.1,1.9,1.2,0,0,0,12.9,5.3,96.4,0.34,,20.99,0.2,275.3,14.2,0.1,0,0.5,0.5,,0.1,0.1,2.4,-1.1,101,0.43,4.3,83.33,,276,16.3,1,0.1,0.8,1,0,0.1,0.1,10.7,10.3,93.7,0.14,-2.7,49.22,0.1,296.4,16.4,0.5,2.3,1,,0,0,11.7,0,95.5,0.14,62.39,,14.1,15.2,1,0,1.2,0.4,0.1,0,0.1,10.2,-0.6,96.4,0.06,20.94,0.1,0,5.7,14.6,0.6,0,1.1,0.7,,0,0.1,12.5,1.2,96.9,0.11,-2.3,42.79,,323.1,16.3,2.2,0,2.1,1.1,14.5,1.8,94.2,15.93,0,320.4,17.1,5.5,0.1,4.3,1.8,,19.9,2.6,4.8,96.6,8.03,,325.3,16.2,2.5,0.1,2.2,1,0.3,0.1,0.1,15.7,0.7,93.8,0.17,,9.26,0.3,315.7,16,2.1,0,2.3,1.1,,,,13.2,3.9,96.6,,-1.9,23.53,,310.2,15.6,2.4,0.1,2.3,1.1,,0.1,0.1,13.3,4.1,98.4,0.2,,10.05,,164.3,12.3,1.3,0.5,0.7,4.9,0.4,94,19.63,149.1,18.8,0.2,0,0.1,1,0.2,0.5,0.3,15.1,27.2,85.8,0.18,,100.23,0.2,0,84.6,17.6,0.9,,1.4,1.2,0.1,0.9,9.1,7,83.6,0.12,-3.7,50.82,228.1,14.1,0,0,0.2
09/04/2021,07:00,275,17.1,0.8,0.1,2.1,1.3,0.2,0.4,15.6,6.8,91.2,0.12,22.21,321.8,16.8,0.4,0,0.6,1,0.2,0.2,0.3,10,2.2,93.2,0.12,9.1,62.26,0.2,0,,,,,,,,,,,,,,276.2,16,0.8,0.1,1.9,1.2,0,0,0,12.4,2.5,96.5,0.32,,73.55,0.2,355.2,14.4,0.1,0,0.6,0.4,,0.1,0.1,4.2,-2.2,101.1,0.38,13.8,114.65,,295.9,16.3,0.8,0.1,1.9,1,0.1,0.1,0.1,13.7,8.4,93.2,0.18,11.8,39.78,0.1,304.6,16.5,0.9,2.3,1.2,,0,0,13.6,3.7,94.9,0.13,39.68,,17.8,15.1,0.8,0,2.3,0.4,0.1,0,0.1,16.6,0.7,96.5,0.06,30.28,0.1,0,350.7,15.7,1.3,0,1.8,1.1,,0.1,0.1,31.2,5.1,96.5,0.16,31.9,35.08,,310.9,16.6,3.2,0.1,4.7,1.4,23.9,3.9,93,12.85,0,318.5,17.2,5.5,0.1,4.8,2,,28.9,2.5,8.7,96,8.91,,324.5,16.4,2.9,0.1,2.6,1.1,0.3,0.1,0.1,20.2,3.5,93,0.16,,10.56,0.3,310.5,16.2,2.7,0.1,3.2,1.2,,,,25.1,5.8,95.4,,32.3,19.11,,303.1,15.8,3,0.1,2.9,1.1,,0.1,0.1,24.2,4.4,97.7,0.19,,9.18,,148.1,12.3,1.3,0.4,0.6,9.8,2.4,93,14.72,139.7,19,0.2,0,1.2,1.3,0.3,0.3,0.3,17.8,19.4,83.1,0.21,,83.93,0.2,0,174,19.4,1,,0.7,0.8,0.9,0.8,5.4,9.6,69.6,0.14,30,59.18,26.1,13.9,0.1,0,0.4
09/04/2021,08:00,278.1,17.8,1,0.1,3.4,1.3,0.3,0.2,17.1,3.5,88.5,0.15,25.79,304.1,17.3,0.7,0.1,1.1,1,0.3,0.3,0.2,16.6,4.4,91.9,0.14,51.4,26.08,0.2,0,,,,,,,,,,,,,,94.5,16.2,3.4,0.1,3.2,1.3,0.1,0.1,0,18.2,5.6,96.5,0.5,,9.45,0.1,236.6,15.2,0.4,0,0.5,0.3,,0.3,0.1,32,-0.4,101.2,0.46,104.9,49.83,,278.1,16.7,0.7,0.1,4.5,1.1,0.2,0.2,0.1,25,5.9,92.2,0.3,83.3,46.79,0.1,297.3,17.1,1.2,3.4,1.3,,0.1,0,18.3,4.3,92.8,0.16,24.13,,342.2,17.3,0.8,0.1,2.6,0.4,0.1,0.3,0.1,20.1,4.6,91.9,0.09,71.96,0.1,0,322.4,18.6,1.6,0,1.4,1.1,,0.5,0.2,22.3,,85.1,0.16,200,30.95,,308.3,18.2,3.6,0.1,3.7,1.3,27.4,6.2,86.6,15.16,0,305.2,18.1,5.7,0.1,4.3,2.4,,39.9,2.9,12.2,91.4,8.71,,321.1,18.3,4.3,0.1,2.1,1,0.2,0.4,0.2,20.1,4.3,86.4,0.15,,9.9,0.3,302.8,17.7,2.9,0.1,2.6,1.1,,,,29.4,19.5,89.4,,205.9,18,,300.4,17.2,2.6,0.1,2,0.9,,0.3,0.1,20,1.3,92.3,0.19,,11.79,,166.6,14.9,1,0.6,0.5,15.2,-4.3,83.3,34.04,131.8,21.4,0.7,0,0.8,1.1,0.2,0.8,0.4,25.8,8.3,70.6,0.29,,55.86,0.2,0,139.9,21.5,1.1,,1,1.1,0.9,0.7,21.5,5.9,63.9,0.22,216.2,74.87,85.4,15.8,0.3,0,1.1
09/04/2021,09:00,285.6,19.8,1.3,0.1,3.4,1.3,0.5,0.3,14,7.3,78.4,0.15,27.12,307.8,19.9,0.8,0.1,2,1.2,0.3,0.5,0.3,13.6,7,79.5,0.17,390.1,42.06,0.2,0,,,,,,,,,,,,,,310.3,17.9,0.2,0.1,3.1,1.2,0.1,0.3,0.1,15.7,2.8,92.2,0.5,,86.7,0.1,337.4,16.6,0.5,0,0.6,0.3,,0.5,0.2,20.9,-4.8,101.1,0.3,320.7,59.4,,308.3,20.2,1.5,0.1,2.9,1,0.1,0.5,0.2,25,5.5,77.3,0.22,378.8,37.89,0.1,292.9,19.3,2,3.8,1.5,,0.3,0.1,20.8,5.7,82.8,0.19,21.12,,312.3,20.6,2.2,0,0.7,0.4,0.1,1.3,0.4,7.6,12.2,79.1,0.16,17.21,0.1,0,324.1,20.1,2.5,0.1,1.1,0.8,,0.8,0.3,8.3,14.7,78,0.15,355.8,21.71,,301.3,19.9,4.1,0.1,1.7,0.9,14.1,4.8,79.5,16.62,0,303.7,19.4,6.5,0.1,2.8,1.7,,28.8,4.6,16.6,85.5,8.93,,319.8,20.2,4.2,0.1,1.1,0.7,0.2,0.9,0.4,15.1,5.5,78.2,0.13,,11.32,0.3,305.4,19.2,3.7,0.1,1.5,0.8,,,,14.8,27.2,83,,429.1,18.82,,295,19.3,5.1,0.2,1,0.6,,0.8,0.3,10,-3.2,84.7,0.16,,10.61,,345.2,18,0.2,1,0.6,13.9,,73.6,93.41,303.6,25.2,1.1,,,,,2.1,0.9,16.3,-7.5,48.1,,,78.1,0.2,0,4.2,25.3,1,,0,0,3,1.2,8.7,12.1,45.7,0.33,358.3,63.45,73.2,19,0.7,0,0.6
09/04/2021,10:00,292.1,23.2,1.5,0.1,2.2,1.5,1,0.5,13.4,8.1,62.5,0.18,29.53,322.6,23.8,1.1,0.1,1.3,1.1,0.3,1.2,0.6,11.9,6.4,62.6,0.19,593.1,40.17,0.2,0,,,,,,,,,,,,,,288,21.9,1.2,0.1,2.3,1.3,0.1,0.6,0.3,12.8,5.1,72.7,0.28,,37.41,0.1,334.4,18.7,0.9,-0.1,0.5,0.5,,0.8,0.4,25.6,,94.8,0.29,301,44.82,,316.8,23.9,1.9,0.1,1.1,0.9,0.1,1.3,0.5,8.4,4.3,60.1,0.17,631.2,32.32,0.1,297.9,23.1,2.1,1.4,1.4,,1.1,0.4,6.9,7,64.3,0.16,25.93,,292.2,23.5,2.5,0.1,1.1,0.6,0,2.1,0.9,3.9,7.1,63.9,0.18,24.7,0.1,0,316.4,22.9,2.1,0.3,0.9,0.7,,1.3,0.7,14.6,12.5,68,0.16,594.9,27.63,,304.8,21.9,4.1,0.1,1.5,0.9,12.2,3.6,70.8,16.86,0,306.9,21.3,6.3,0.2,2.1,1.8,,20.1,5,11.2,77.4,10.06,,316.3,22.4,4.3,0.2,0.9,0.6,0.2,1.3,0.7,9.7,,68.5,0.14,,13.74,0.3,298,21.6,3.6,0.4,1.2,0.8,,,,14,14.2,72.5,,624.8,19.89,,295.8,21.3,5.8,0.6,1.2,0.8,,0.9,0.5,11.7,0.5,76.6,0.14,,10.7,,335.5,19.9,0.9,,0.7,21.9,,67.8,52.03,139.9,25.4,0.6,,,,,,1.1,25,,45.6,,,83.97,0.2,0.2,355.6,24.5,0.7,,0,0,2.6,1.9,27.9,15.3,50.1,0.26,190.3,83.92,58.8,22.4,1.2,0,0.2
09/04/2021,11:00,297,25.7,1.7,0.1,0.4,1.1,2.5,1.1,6.4,4,49.1,0.22,31.66,307.7,25.7,1.4,0.1,0.1,0.4,0.2,3,1.3,15.1,6.4,50.4,0.22,379.6,34.09,0.2,0,,,,,,,,,,,,,,289.7,23.5,2,0.1,1,1.7,0.1,0.8,0.5,18.4,15.5,63,0.23,,16.38,0.1,287.3,20.1,0.6,-0.1,0.5,0.8,,0.6,0.5,28.1,-6.5,86.5,0.25,114,50.86,,316.5,25.1,1.6,0.1,0.5,1.2,0.1,1.6,0.9,23.6,9.3,54,0.24,306.7,34.38,0.1,301.2,25.5,1.7,0.5,1.4,,1.9,0.8,15.7,5.3,51.1,0.21,31.16,,298.1,25.1,2.5,0.1,0.9,0.8,0,2.4,1.5,11.5,3.3,57.7,0.18,29.97,0.1,0,300.3,24.6,2.3,0.3,0.4,0.5,,2,1.1,12.7,9.6,61.4,0.16,622.1,26.39,,301.9,24.2,4.3,0.3,0.6,0.6,19.1,4.2,62,17.38,0,308.5,23.4,5.8,0.6,2,1.7,,25.7,4.6,9.7,68.7,11.3,,316,24.7,4.8,0.3,0.4,0.5,0.2,2.1,1.2,13.2,13.1,58.7,0.15,,12.83,0.2,297.6,23.9,3.4,0.5,0.7,0.7,,,,19,9.6,63.4,,618.4,19.71,,291.8,23.8,6.5,1.4,1.1,0.9,,1.4,0.9,13.2,4.2,65.1,0.17,,11.97,,329.6,21.8,1.8,,,20.2,,62.8,33.29,232.8,24.5,0.9,,,,,,,18.7,,50.2,,,66.18,,0,156,23.6,0.8,,0.1,0.1,2.3,2.2,21,8.6,53.8,0.21,90.1,88.7,60.6,23.9,0.4,0.1,0
09/04/2021,12:00,278.8,25.8,2.4,0.1,0.2,0.9,2.9,1.7,16.9,4.4,46.2,0.22,25.32,307.2,25.4,1.9,0.1,0,0.3,0.2,3.1,2,10.8,7,49.2,0.21,201.8,26.92,0.2,0,,,,,,,,,,,,,,237.9,23,1.4,0.1,2.4,2.1,0.1,0.3,0.5,33.5,12.7,68.7,0.33,,24.21,0.1,194.7,20.3,0.4,-0.1,1.3,1,,0.2,0.5,41.2,3.9,88,0.28,73.4,70.06,,296.4,25.2,1.8,0,0.3,1.2,0,1.9,1.3,18.3,11.7,50,0.22,158.7,38.95,0.1,296.7,25.6,2,0.2,1.2,,2.2,1.4,15.7,7.5,48.1,0.22,29.99,,304,25.5,2.9,0.1,0.9,0.5,0.1,2.3,2,12.3,4.4,57.8,0.18,23.34,0.1,0,308.1,26.5,2.4,0.2,0.3,0.5,,2.7,1.7,15.5,5.9,55.6,0.19,742.1,31.95,,309,25.9,3.7,0.2,0.4,0.6,17.1,4.5,56.3,19.7,0,306.8,25.1,6.2,0.2,0.8,1.5,,27.4,4.5,8.5,61.2,9.9,,313.7,26.3,4.4,0.3,0.2,0.4,0.2,2.9,1.8,11.9,10,53.2,0.17,,15.73,0.2,301.7,25.7,3.2,0.2,0.3,0.5,,,,15.6,10.8,56.5,,759.8,21.43,,295.9,25.5,7.2,0.4,0.4,0.5,,2.2,1.4,20.4,3.1,57.9,0.18,,10.78,,313.8,23.8,1.9,,,13.3,6.5,55.9,33.99,225.4,24,1.4,,,,,,,9.6,,50.1,,,34.57,,0,178.8,22.9,1.9,,0,0,2.3,2.6,15.2,10.5,55.3,0.16,80.4,39.61,102.7,24.4,0.6,0.1,0
09/04/2021,13:00,266.3,25,2.8,0.1,0.3,1.1,2.3,2.2,23.9,15.5,49.4,0.21,20.82,302,24.7,1.6,0.1,0.1,0.8,0.2,2.3,2.4,20.3,9.2,53.3,0.2,175.1,27.95,0.2,0,,,,,,,,,,,,,,216.1,23.7,0.5,0.1,2.1,2.2,0.1,0.5,0.6,30.7,15.3,64.8,0.38,,36.98,0.1,184.3,21.7,0.3,0,2,1,,0.4,0.5,41.9,-0.6,82.9,0.31,281.3,57.01,,309.5,24.7,1.3,0.1,0.7,1.8,0.1,1.2,1.5,25.1,8.4,53.2,0.23,160.9,38.54,0.1,298.9,25,1.5,0.5,1.8,,1.4,1.6,23.5,6.4,51.2,0.21,28.61,,290,27.3,2.9,0.1,0.7,0.5,0.1,2.5,2.3,9.5,11.8,51,0.17,24.08,0.1,0,307.5,27.7,2.4,0.1,0.1,0.3,,3.4,2.4,14.6,11.3,51.6,0.2,725.9,30.79,,302,27.1,4.3,0.1,0.3,0.5,17.9,2.4,52.3,17.09,0,309.9,26.2,6.5,0.2,1.1,1.8,,29.9,4.5,7.9,57.7,10.6,,314.1,27.7,4.2,0.2,0.2,0.3,0.2,3.5,2.4,19,4.7,49.9,0.19,,19.5,0.2,295.3,26.9,3.5,0.1,0.1,0.3,,,,20.5,10.2,51.5,,797.6,20.67,,293.7,26.9,7.2,0.2,0.2,0.3,,3.2,1.9,18.5,6.8,51.3,0.2,,12.02,,302.9,25.4,2.2,,,9.4,9.2,48.5,32.78,84.2,24.9,0.2,0,0.2,0.1,1.8,2.1,,22.7,,50.9,0.2,,70.84,,0,347.8,25.3,0.4,,0.1,0,2.5,2.4,21.8,4.7,49.6,0.14,506.8,86.51,360,23.6,0.7,0.1,0.1
09/04/2021,14:00,267.3,25.7,2.2,0.1,0.6,1.3,2.2,2.5,15,11,47.4,0.22,23.07,314.9,25.6,0.9,0.1,0.2,0.8,0.2,2.4,2.7,16.2,10,51.2,0.2,396.6,45.9,0.2,0,,,,,,,,,,,,,,148.7,26.3,0.2,0.1,1.5,1.9,0.1,1.6,0.8,21.2,14.8,51.1,0.27,,94.89,0.1,189.7,26.6,0.2,-0.1,0.5,0.8,,2.1,0.8,20,0,54.9,0.25,649.7,81.9,,307.7,26.3,1.1,0.1,0.5,1.1,0,2,1.7,14.6,12.1,46.8,0.19,518.2,49.66,0.1,298.4,26.1,1.2,0.5,1.4,,1.8,1.8,14.5,5.4,47.9,0.19,33.94,,285.1,26,2.3,0.1,1.3,1.2,0.1,2.4,2.4,12.4,12.1,51.7,0.17,24.98,0.1,0,297.2,28,2.8,0,0,0.3,,3.8,3,11.5,13.2,47.1,0.19,439.2,26.7,,299.5,27.8,4.1,0.1,0.1,0.5,13.5,7,47.4,18.85,0,299.6,27.2,6.6,0.1,0.2,0.9,,24.3,3.8,8.5,51.1,12.03,,310.3,28.1,3.7,0.2,0.1,0.2,0.2,4,3.1,10.7,-5.4,46.4,0.19,,21.36,0.2,293.9,27.8,3.2,0,0.2,0.5,,,,12,6.7,46,,491.3,21.62,,292.5,28.1,7.2,0.1,0.1,0.2,,3.8,2.6,19,12.2,44.8,0.17,,11.86,,282.7,26.5,2.5,3.4,,5.7,10.9,41.4,33.19,306.1,28.1,2.3,0,0.1,-0.3,1.8,2.9,,9.2,,37.9,0.15,,32.14,,0,292,28.3,3.7,,0.1,-0.1,3,2.5,,6.9,35.7,0.14,687.9,27.69,20.1,25.1,1.6,0.1,0
09/04/2021,15:00,293.1,27.4,1.5,0.1,0.3,0.9,2.9,2.6,17.7,16.1,41.5,0.19,38.08,328,27.8,1.1,0,0.1,0.4,0.2,3.1,2.7,13.5,5.7,43.9,0.17,531.8,41.41,0.2,0,,,,,,,,,,,,,,333.7,27.4,2.5,0.1,0.5,1.3,0,2.6,1.2,22.6,9.7,45.4,0.25,,25.75,0.1,337.1,27.4,2.2,-0.1,0.2,0.6,,3,1.4,30.5,8.2,50.3,0.22,523.9,28.46,,328,28,1.5,0.1,0.4,1,0.1,2.6,1.9,18.4,6,42.7,0.19,552.8,42.95,0.1,306,28.3,1.4,0.3,1.2,,2.6,2,18.2,9,39.9,0.18,38.65,,308.7,25.8,2,0.1,1.2,0.6,0.1,2.3,2.4,17.2,11.5,56.3,0.2,20.78,0.1,0,289.6,26.8,2.1,0.1,0,0.3,,3.4,3.3,18.7,7.9,49,0.17,158.7,22.57,,286.3,27.2,4.1,0,0,0.4,16.8,11.8,47.8,16.65,0,287.9,27.1,6.6,0.1,0,0.5,,20.8,3.6,6.4,50.2,8.57,,308.3,27.6,2.6,0.1,0.1,0.5,0.2,3.3,3.4,20.2,-2,47,0.18,,25.01,0.2,283.4,27,2.8,0,0.2,0.9,,,,22.9,-5.8,48,,180.3,18.44,,286.4,27,5.4,0.1,0.1,0.3,,3.4,3.1,24.5,13.2,47.4,0.17,,10.99,,284.7,26.7,3,3.6,,13.7,14.6,40.6,23.92,287.6,29.2,2.7,0,0.1,-0.2,1.7,3.2,2.7,1.3,,32.2,0.15,,32.02,,0,265.6,29.3,5,,0,-0.2,3.2,2.8,16.7,10.6,26.7,0.14,581.6,15.05,9,26.9,1.7,0.1,0
09/04/2021,16:00,297.4,27.9,1.3,0.1,0.2,1,3.2,2.6,22.3,17.2,40.4,0.2,30.38,314.9,28.4,1,0.1,0,0.3,0.2,3.7,2.9,17.4,6.5,42.6,0.17,347.5,50.2,0.2,0,,,,,,,,,,,,,,352.1,27.4,3.3,0.1,0.2,1,0,3.1,1.9,22.3,12.1,45.3,0.22,,19.39,0.1,10.6,27.4,1.9,0,0.1,0.4,,3.8,2.3,25.5,13.7,49.6,0.22,349.8,21.71,,340.1,28.1,1.6,0.1,0.2,0.7,0,3.2,2.3,22,5.5,42.9,0.19,382.4,34.59,0.1,318.4,28.5,1.4,0.1,1.1,,3.2,2.3,23.3,4.2,40.3,0.18,40.56,,328.3,26.6,2.7,0.1,0.4,0.2,0,2.7,2.5,12,9.2,53.4,0.16,22.18,0.1,0,306.2,26.5,1.8,0.1,0.1,0.4,,3.2,3.4,18.2,5.9,50.6,0.18,223.5,23.94,,303.7,27,3.4,0,0.3,0.9,21.3,8.1,48.8,15.92,0,304.2,26.7,5.6,0,0.2,1.1,,29.1,3.4,9.9,52.1,8.17,,315.2,27.3,3.6,0.1,0.1,0.3,0.2,3.3,3.5,16.6,5.7,47.1,0.16,,15.28,0.2,301.1,26.4,1.9,0.1,0.3,0.8,,,,23.8,0.5,50.3,,179.8,22.73,,288.2,26.5,3.7,0.1,0.1,0.5,,3.2,3.4,19.8,10.1,50.8,0.18,,11.01,,278.8,26.9,2.6,3.4,3.5,19.3,16.1,40.7,23.15,254.3,29.5,2.6,0,0.1,-0.2,1.6,3,2.8,16.4,,25.5,0.14,,31.32,,0,244.7,28.7,5.9,,0,-0.2,3.3,3,37.5,11.6,28.2,0.14,357.8,14.3,1,28.4,0.7,0.1,0
09/04/2021,17:00,290.1,27.5,1.2,0.1,0.1,0.9,3.4,2.9,17.4,11.6,41.7,0.19,28.37,298.2,27.7,0.8,0.1,0,0.3,0.2,3.5,3.2,12.3,5.5,43.5,0.17,135.1,49.14,0.2,0,,,,,,,,,,,,,,292.8,27.6,1.2,0.1,0.1,1.2,0,2.9,2.5,20.9,12.4,42.7,0.2,,52.15,0.1,304.8,27.6,0.8,0,0,0.4,,3.4,3.1,21.3,11.6,43.8,0.21,172.2,66.51,,308.8,27.7,1.2,0.1,0.1,1,0,2.7,2.6,18.6,7.9,41.8,0.19,128.5,49.55,0,322.5,27.8,0.7,0.1,1.3,,2.7,2.6,21.3,4.6,42.6,0.2,51.21,,306.5,26.8,1.6,0.1,1.5,1,0.1,2.2,2.4,19.1,7.6,54.7,0.18,19.82,0.1,0,298.5,27.2,1.5,0,0.1,0.5,,3.2,3.4,18.4,4.3,48.6,0.17,181.8,24.82,,303.8,27.1,3.2,0,0.2,1.1,17.9,5.8,48.1,13.92,0,304.4,26.8,4.6,0,0.7,2.2,,37.8,7,13.9,52.8,8.04,,314.3,27.4,3.2,0.1,0.1,0.4,0.2,3.3,3.5,14.6,-1.4,46.3,0.16,,13.33,0.2,301.7,26.9,2.3,0,0.1,0.6,,,,17.5,5.8,48.1,,71.8,19.32,,298.3,27,2.8,0.1,0.1,0.6,,3.1,3.4,20.1,4.1,49.3,0.18,,10.9,,273.3,26.5,2.3,3.1,3.4,19.5,9.8,39.8,21.38,186.4,24.1,3.2,0.8,0.4,0.7,1.8,1.7,2.7,93.9,,63.7,0.38,,41.04,,0,174.4,22.8,6.8,,0,-0.2,2.7,3,107.6,,69.7,0.24,128.2,19.04,266.9,28.2,2.2,0.1,0
09/04/2021,18:00,191.5,24.6,3.9,0.1,0,1,2.9,3.1,66.8,,60.4,0.32,65.34,181.8,24.3,2.8,0,0,0.8,0.2,2.8,3.3,50.8,,59.8,0.28,3.7,30.06,0.2,0,,,,,,,,,,,,,,195.2,25.8,1.7,0,0.1,1.4,0,2.3,2.7,34.8,,48.3,0.26,,38.94,0.1,233.4,25.7,1.4,0,0,0.2,,3.1,3.4,-4.2,21.6,35.8,0.18,23,43.28,,182.1,25.4,3.2,0.1,0.2,1.7,0.1,2,2.6,45.4,,53.2,0.3,13.2,35.43,0.1,192.4,24.7,1.4,0.4,1.7,,1.9,2.6,46.8,,60,0.44,68.96,,317.3,24.8,1.6,0.1,0.1,0.8,0.2,1.7,2.2,20,7.7,64.1,0.19,12,0.1,0,293.2,24.9,0.8,0.1,0,1,,2.7,3.1,23.9,7.9,58.5,0.19,10.2,19.37,,303.8,25.8,2.3,0,0.6,2.1,28.7,7.6,54.2,11.36,0,297.9,26,4,0,0.5,2.5,,28.7,12.9,15.3,56.1,6.92,,316,26,1.8,0.1,0,1.1,0.3,2.3,3,25.1,6.3,52.5,0.19,,13.33,0.2,299,25.5,1.6,0,0.1,1.1,,,,29.1,8,54.7,,14,19.08,,274.5,25.4,1.2,0.1,0.2,1.8,,1.6,2.8,25.4,5.2,56.6,0.22,,15.37,,281.3,24.9,1.2,2.6,3.2,33.3,8.3,42.5,38.01,170.3,21.6,2.6,0.8,0.4,1,1.6,1,2.2,38.6,,74.6,0.37,,29.5,1.7,0,171.5,20.5,4.9,,0,-0.2,2.3,2.9,26.2,-2.3,76.6,0.22,6.8,14.34,260.5,25.7,1,0.1,0
09/04/2021,19:00,163.4,21.7,5.8,0.1,-0.1,0,3.1,3.1,39.2,13.3,78.9,0.42,15.79,177.8,21.8,5,0,0,0.4,0.2,2.6,3.2,40.8,,77.1,0.46,-7.4,19.22,0.2,0,,,,,,,,,,,,,,140.3,21.6,2.2,0,0,0.6,0,2.2,2.6,44,,75.8,0.41,,28.05,0.1,130.2,21.8,2.4,-0.1,0.2,0.6,,2.4,3.2,38.7,,69.2,0.35,2.6,26.97,,165.4,21.6,3.8,0.1,0.1,0.4,0.1,2.3,2.5,43.7,5.4,76.7,0.41,-2.4,22.14,0.1,160.2,21.9,1.6,0,0.5,,2.4,2.6,35.6,15.2,77.5,0.43,43.46,,304.4,22.1,1.3,0.1,1.7,1.2,0.2,0.6,1.8,22.2,7.7,79.7,0.23,38.38,0.1,0,306.5,22,0.6,0.1,0.1,1.7,,1.4,2.6,25.2,10.5,71.6,0.24,-2.2,19.04,,293.2,23.8,1.6,0,0.3,2.5,27,5.6,63.5,15.86,0,299.8,24.4,2.8,0,0.5,3.3,,30.1,12.4,10.7,64.4,11.79,,292.8,23.4,0.5,0.1,0.2,2.4,0.4,0.8,2.4,25.3,9.6,64.2,0.23,,46.65,0.2,280.9,23.6,1.5,0,0.7,2.2,,,,26.1,6.9,63.6,,-4.2,17.2,,277.4,22.6,0.9,0.1,1.1,2.8,,0.2,2,34.1,7.8,71.7,0.29,,15.29,,310.9,22.1,0.7,1.4,2.6,35.6,9,53.3,26.75,196.7,21,1.9,1.5,0.1,0.6,1.1,1.3,1.8,34.4,3.7,71.9,0.35,,40.17,1.6,0,166,20,4,,0,-0.2,2.2,2.6,22.9,4.3,73.5,0.18,-0.5,19.1,238.9,22.8,1.8,0.1,0
09/04/2021,20:00,152.6,21.2,4.9,0,-0.1,-0.1,2.9,3.1,29.3,15.6,75.8,0.37,15.62,167,21.3,3.4,0,0,0.4,0.2,2.3,2.8,30.1,12.2,75.9,0.44,-8,23.53,0.2,0,,,,,,,,,,,,,,129.8,20.8,2.3,0,0,0.5,0,2.1,2.4,34.7,4.7,77.2,0.4,,23.85,0,147.8,19.8,0.9,0,0,0.2,,2.2,2.8,40.6,-2.3,83.9,0.37,2,43.05,,155.5,20.8,2.4,0,0,0.4,0,2.1,2.3,29.7,9.1,77.3,0.38,-3,31.17,0,143.1,21.4,1.2,-0.1,0.3,,2.4,2.4,30,10.7,76.4,0.39,45.91,,196.8,22,4.7,0,0.8,0.6,0.1,2.1,1.7,30.5,10.9,78.6,0.36,31.57,0.1,0,278.7,21.7,0.7,0.1,0.1,1.7,,1.4,2.2,17.9,14.4,70,0.27,-2.4,24.27,,305.1,23.2,1.5,0,1.4,3,28.7,7.3,66,9.75,0,299.7,23.5,3.3,0.1,1.2,3.1,,42.7,15.5,11.6,69.1,9.77,,256.5,22.2,0.4,0.1,0.4,2.9,0.5,0.2,1.7,27.4,9.4,70.3,0.32,,57.93,0.3,296.4,22.1,0.9,0,0.2,2.1,,,,29.8,11.5,71.7,,-3.7,20.18,,275.4,20.7,1.2,0.1,1.6,2.1,,0.1,1.3,26.7,9.4,83.1,0.3,,14.54,,320.3,20.9,0.9,1.3,2.1,43.2,7.5,57.1,16.47,223.4,20.5,1.7,0.2,0,-0.1,0.7,1.9,1.5,28.6,6.6,71.3,0.3,,31.44,1.5,0,217.3,19.7,2.2,,0,-0.1,2.1,2.3,27.8,7.2,72,0.2,-0.6,23.2,136.6,21.1,2,0.1,0
09/04/2021,21:00,146.2,20.9,4.1,0,0,-0.1,2.8,2.9,32.1,8.7,73.3,0.36,15.54,169.7,20.8,2.5,0,0,0.3,0.2,2.4,2.5,27,9.6,74,0.41,-8,25.71,0.2,0,,,,,,,,,,,,,,140,20.2,1.1,0,0,0.5,-0.1,2,2.2,32.4,5,77.3,0.38,,36.68,0,205.8,18.6,0.7,0,0,0.1,,1.9,2.4,28.9,7,89.1,0.35,4.1,32.42,,146.7,20.5,2,0,0,0.2,0,2.3,2.2,26.4,9.3,74.7,0.35,-2.5,26.1,0,144.8,21,1,-0.1,0.2,,2.4,2.3,28.1,12,74.3,0.36,43.86,,172.8,22,3.9,0,0,-0.1,0.1,3.1,1.9,36.9,13.8,80.5,0.48,15.84,0.1,0,220.9,22.4,2.1,0.5,0.1,1.2,,1.7,1.8,38.5,14.1,66.5,0.3,-3.5,31.24,,215.8,23.1,2.7,0,1.2,1.4,50.5,11.7,68.1,42.62,0,226.1,23.1,3.9,0.1,0.8,1.6,,35.6,12.3,11.7,71.7,42.45,,204.9,22.9,2.3,0.1,0,1,0.3,2.1,1.4,46.4,24.4,69.6,0.35,,42.68,0.3,211.7,22.2,3.2,0,0.2,1.2,,,,42.5,14.9,72.8,,-3.9,64.57,,219.9,21,1.8,0.1,0.4,1.2,,1.1,0.8,21,7.9,77.2,0.28,,43.86,,308.9,20.3,0.7,1.4,1.7,29.3,7.6,58.4,18.07,224.1,20.2,1.5,0,,,0.6,2.1,1.6,25,6.3,70,0.27,,33.59,1.3,0,239,19.3,1.6,,0,-0.1,1.9,2.1,27.5,10.9,72.4,0.2,-0.7,24.14,205.4,20.3,1.4,0,0
09/04/2021,22:00,149.3,20.8,3.1,0.1,0,-0.1,2.7,2.9,31.2,0,71.5,0.35,17.61,168.4,20.8,1.8,0.1,0,0.5,0.2,2,2.3,31.1,5.5,72.3,0.41,-7.7,27.05,0.2,0,,,,,,,,,,,,,,198.6,19.9,0.6,0,0,0.5,-0.1,1.8,2,28.5,7.7,76.9,0.36,,31.73,0,201.6,18.7,0.6,0.1,0,0.1,,1.9,2.1,24.4,11.3,86.7,0.34,4.2,24.37,,162.6,20.4,2,0,0,0.2,0,2.1,2.2,27.6,7.9,72.7,0.34,-2.1,20.63,0,160.8,20.9,0.8,-0.1,0.2,,2.3,2.4,28.5,11.8,72.5,0.35,49.88,,165.8,21.6,2.9,0,0,-0.1,0,2.8,2.1,31.7,12.3,79,0.45,15.54,0.1,0,185.2,22,2.3,0.1,0,0.1,,3.1,1.9,37.8,8.1,81.5,0.53,-2.6,28.77,,172.7,22.4,5.4,0,0,-0.1,46.6,12,80,15.96,0,171.4,22.4,6.4,0,0,0.1,,39.8,7.2,17.3,83,14.62,,172.4,22.4,3.2,0,0,-0.1,0.2,3.1,1.6,40.3,21,81.3,0.55,,24.74,0.3,167.8,22.2,5,0,0,0,,,,50.9,28.7,81.8,,-2.6,19.01,,170.1,21.6,2.9,0.2,0.1,0.4,,2.6,1,43.7,0.4,83.8,0.51,,22.82,,283.1,19.4,0.2,1.3,1.4,26.6,7.2,62,93.66,230.4,19.9,1.4,0,0,-0.2,0.5,1.9,1.8,25.7,6.9,69.8,0.26,,26.04,1.2,0,257.6,18.9,1.4,,0,-0.2,1.8,2,28.7,11,74.2,0.2,-1,7.32,188.1,20.2,1.3,0,0
09/04/2021,23:00,162.4,20.4,2.4,0,-0.1,-0.1,2.7,2.8,31.5,-0.8,72.1,0.35,19.22,182.5,20.6,2.2,0,0,0.4,0.2,2.1,2.2,28.8,7.6,71,0.4,-7.7,17.67,0.2,0,,,,,,,,,,,,,,205.9,19.7,0.7,0,0,0.7,0,1.6,1.9,26.8,8.7,76.7,0.34,,23.93,0,204.4,18.5,0.1,0.1,0,0.2,,1.6,1.9,23.2,11.8,87.5,0.35,4.4,99.21,,171.4,20.2,1.7,0,0,0.3,0,2,2.1,27.9,8.2,72.3,0.34,-2.2,18.59,0,168.5,20.7,0.6,-0.1,0.3,,2.2,2.3,29.5,10.2,71.3,0.36,49.16,,175.7,21.2,2.3,0,0,-0.1,0,2.7,2.7,32.7,9.2,78.4,0.42,18.63,0.1,0,170.7,21.3,2.2,0,0,0,,2.7,2.2,28,12.5,81.3,0.48,-2.6,26.7,,162.1,21.8,4.5,0,0,-0.1,30.4,8.5,78.3,14.97,0,161.2,21.7,5.1,0,0,0,,39.2,4.4,16.3,82,13.23,,159.8,21.8,3.7,0,0,-0.1,0.2,2.8,2,34.3,14.9,79.6,0.5,,20.88,0.3,153.8,21.6,3.8,0,-0.1,-0.1,,,,34.8,20.5,80.5,,-2.4,21.12,,157.6,21,2.3,0,0.1,0.2,,2.3,1.5,29.5,3.1,86.4,0.5,,16.54,,138.6,16.9,0.7,0.5,1.1,38,7.6,74.5,23.46,244,19.3,1.1,0,0,-0.1,0.5,1.7,1.9,25.4,4.5,71.8,0.27,,20.54,1,0,273.5,18.1,1.6,,0,0,1.3,1.8,27.6,7.5,79.1,0.21,-1.9,7.8,202,19.4,0.8,0,0
09/04/2021,24:00,151.1,20.1,1.9,0,-0.1,-0.1,2.6,2.7,32.1,1.9,71.2,0.35,17.86,177.3,20.2,1.1,0,0,0.5,0.2,2,2.1,29.7,8,70.3,0.39,-7.7,23.47,0.2,0,,,,,,,,,,,,,,202.9,19,0.5,0,0,0.7,0,1.5,1.7,25.3,12.5,78.3,0.34,,17.43,0,195.8,17.6,0.3,0.1,0,0.2,,1.3,1.7,18.8,8.7,91.2,0.33,2.7,54.24,,173.6,19.8,0.9,0,0,0.5,0,1.7,2,27.2,9,72.5,0.35,-2.2,28.36,0,160.3,20.2,0.4,-0.1,0.2,,2.2,2.3,28.8,4.6,71.3,0.34,51.09,,198.9,20,1,0,0,0,0,2.2,2.7,27.6,6.9,84.3,0.41,50.49,0.1,0,161.4,20.7,1.8,0,0,0,,2.5,2.5,25.5,13.5,81.2,0.44,-2.7,20.83,,162.4,21.6,3.8,0,0,-0.1,30.2,11.2,76.5,16.09,0,159,21.4,4.2,0,0,0,,41,3.1,13.4,80.3,13.23,,162,21.6,2.9,0,0,-0.2,0.2,2.7,2.7,34.4,17.5,77.9,0.47,,21.48,0.3,147.3,21.2,2.9,0,0,-0.1,,,,32.4,10.1,79.3,,-2.9,21.24,,156,20.4,1.4,0,0,0.1,,2.3,2.1,25.1,7.1,86.1,0.47,,21.44,,135.1,16.3,0.8,0.6,1,35.9,9.4,77.3,25.44,246.4,18.6,0.8,0,0,-0.1,0.4,1.4,1.8,22.2,12.1,74.9,0.27,,20.17,0.9,0,266.6,16.6,0.9,,0,0,1,1.5,18.2,8.1,85.7,0.2,-2.8,40.59,228.5,18.4,0.7,0,0